title,company,location,site,job_url,description,search_keyword,date_posted
IT System Administrator,Manpower,"Vũng Tàu, SG, VN",indeed,https://vn.indeed.com/viewjob?jk=bc87e622787a7607,"**Mô tả công việc:**


(Mức lương: Thỏa thuận)* Manage and administer Server systems, Active Directory, DNS, and DHCP.
* Administer network infrastructure, including Wireless, Firewall, and VPN systems.
* Operate, monitor, and maintain VMware/Hyper\-V virtualization environments.
* Manage databases, information systems, and VoIP solutions.
* Develop and maintain Monitoring, Reporting, and Data Backup systems.
* Ensure the security, stability, and performance of the company's IT.

**Chức vụ:** Nhân Viên/Chuyên Viên

**Hình thức làm việc:** Toàn thời gian

**Quyền lợi được hưởng:**

* Full statutory insurance coverage, including Social Insurance, Health Insurance, and Unemployment Insurance (based on 100% basic salary).
* Personal healthcare insurance.
* Annual health check\-up.
* Overtime compensation in accordance with Vietnamese Labor Law.
* Attractive compensation package including Gross Salary, Allowances, and Monthly KPI Bonus.
* 12 annual leave days per year.
* Professional working environment with opportunities for learning and career development.

**Yêu cầu bằng cấp (tối thiểu):** Đại Học

**Yêu cầu công việc:**

* Bachelor's degree in Information Technology, Telecommunications, Computer Engineering, or a related field.
* Minimum 3 years of experience in System Administration or IT Security.
* Strong knowledge of LAN/WAN, Servers, Storage, Firewall, VPN, DNS, and DHCP.
* Hands\-on experience with VMware/Hyper\-V, Microsoft SQL Server, SAN Storage, and VoIP systems.
* English proficiency equivalent to TOEIC 550\+.
* CCNA, CCNP, MCSE, VCAP, or equivalent certifications are preferred.

**Yêu cầu giới tính:** Nam/Nữ

**Ngành nghề:** Hạ Tầng \- Mạng,Vận Hành IT \- IT Helpdesk


  

Đại Học
  

3 \- 4 năm",IT Helpdesk,2026-08-06
IT HELPDESK QUẬN 7 HCM (~22m),VPDD HR PLUS tại HCM,"Thành phố Hồ Chí Minh, SG, VN",indeed,https://vn.indeed.com/viewjob?jk=9808dd5b9f09f35a,"Công ty hoạt động trong lĩnh vực thiết kế, thi công, bán và cho thuê các thiết bị thi công công trình tuyển dụng :

Vị trí : IT Helpdesk

Thời gian làm việc :

– Từ 8:00\-17:00 từ thứ 2 đến thứ 6

\* Được nghỉ Thứ 7, chủ nhật và 1 ngày vào tháng sinh nhật

Số lượng tuyển : 01

Địa điểm làm việc : Quận 7 – Tp Hồ Chí Minh.

Nội dung công việc :

– Quản lý máy tính công ty, email, mạng, giấy phép, v.v., thư, trực tiếp, depoc, đăng ký tài khoản tồn đọng

– Quản lý PC: Thiết lập (cài đặt ban đầu), quản lý hàng tồn kho và khắc phục sự cố (phần cứng và phần mềm) cho PC của nhân viên (Windows).

– Quản lý giấy phép: Kiểm kê, gia hạn và tối ưu hóa các giấy phép phần mềm khác nhau (Microsoft 365, v.v.).

– Mạng: Bảo trì và quản lý môi trường mạng LAN và Wi\-Fi của công ty, ứng phó ban đầu trong trường hợp mất điện, thiết lập bảo mật và tuân thủ hướng dẫn từ bộ phận CNTT Nhật Bản.

– Máy chủ/Đám mây: Giám sát hoạt động cơ bản của máy chủ tệp và cơ sở hạ tầng đám mây của công ty như Azure (bao gồm cả hợp tác với các nhà cung cấp)

Yêu cầu :

– Bằng cử nhân CNTT

– Trình độ tiếng Nhật tương đương N4 ( có thể giao tiếp là điểm cộng)

– Từ 2 năm kinh nghiệm IT Helpdesk

– Kỹ năng làm việc nhóm

Chế độ :

– Lương: Up to 22tr

– Chế độ bảo hiểm, khám sức khỏe theo luật nhà nước.

– Lương tháng 13

– Đánh giá tăng lương rõ ràng\- Hằng năm du lịch, quà Tết,…

Mục lương: Lên đến 22\.000\.000₫ một tháng

Địa điểm việc làm: Làm việc trực tiếp",IT Helpdesk,2026-08-06
Nhân Viên IT Helpdesk,CÔNG TY CỔ PHẦN THƯƠNG MẠI HI-FOODS,"Thành phố Hồ Chí Minh, SG, VN",indeed,https://vn.indeed.com/viewjob?jk=7e7a1feca3e32e45,"**Mô tả công việc:**


(Mức lương: 9 \- 12 triệu VNĐ)* Quản lý và vận hành mạng WAN, LAN, Tổng đài điện thoại hoạt động thông suốt.
* Cài đặt phần mềm ứng dụng văn phòng, thường xuyên cập nhật các công cụ phòng chống virus, spam, spyware cho máy tính.
* Thiết lập, bảo trì, bảo dưỡng, nâng cấp hệ thống mạng máy tính định kỳ/theo kế hoạch.
* Quản lý Mail Server, khởi tạo và phân quyền Mail nội bộ, khắc phục các sự cố về mail.
* Kiểm soát toàn bộ các Account, Password Mail liên quan của các cá nhân, phòng ban trong công ty.
* Kiểm soát và chịu trách nhiệm trực tiếp trong việc quản lý và bảo mật dữ liệu thông tin nội bộ công ty.
* Tiếp nhận thông tin và xử lý sự cố máy tính, máy in, các thiết bị CNTT.
* Thực hiện công việc khác do Trưởng bộ phận phân công.

**Chức vụ:** Nhân Viên/Chuyên Viên

**Hình thức làm việc:** Toàn thời gian

**Quyền lợi được hưởng:**

* Làm việc 5 ngày/tuần: từ thứ 2 đến thứ 6 (nghỉ thứ 7, Chủ nhật)
* Tham gia đầy đủ các chính sách theo Luật Lao động hiện hành (BHXH, nghỉ phép, …)
* Review lương 2 lần/năm
* Được cấp máy tính làm việc
* Du lịch công ty, Teambuilding
* Thưởng hiệu suất làm việc
* Thưởng thâm niên, Lễ, Tết, lương tháng 13,14
* Tham gia các khóa đào tạo nội bộ công ty
* Lộ trình thăng tiến rõ ràng, cơ hội nghề nghiệp bền vững.

**Yêu cầu bằng cấp (tối thiểu):** Trung cấp

**Yêu cầu công việc:**

* Nam/Nữ, từ 25 \- 40 tuổi, thích môi trường làm việc năng động.
* Có tối thiểu 01 năm kinh nghiệm ở vị trí tương đương.
* Tốt nghiệp Trung cấp trở lên các ngành Công nghệ thông tin, …
* Sử dụng thành thạo các công cụ hỗ trợ IT helpdesk, Microsoft Office, …
* Nhanh nhẹn, chịu khó, có trách nhiệm và chịu được áp lực.
* Có kinh nghiệm về quản trị mạng và mô hình chuỗi cửa hàng/dịch vụ là một lợi thế.
* Kỹ năng giao tiếp, xử lý vấn đề

**Yêu cầu giới tính:** Nam/Nữ

**Ngành nghề:** Hạ Tầng \- Mạng,Vận Hành IT \- IT Helpdesk


  

Trung cấp
  

1 \- 2 năm",IT Helpdesk,2026-08-05
Thực Tập Sinh Hỗ Trợ IT,,"Thành phố Hồ Chí Minh, SG, VN",indeed,https://vn.indeed.com/viewjob?jk=2d981b788137c149,"**Mô tả công việc:**


(Mức lương: Từ 1 triệu VNĐ)* Hỗ trợ cài đặt, kiểm tra và xử lý các sự cố máy tính, phần mềm, mạng nội bộ.
* Hỗ trợ quản lý, bảo trì hệ thống máy tính, thiết bị văn phòng.
* Hỗ trợ người dùng trong công ty về các vấn đề kỹ thuật IT cơ bản.
* Tham gia hỗ trợ các dự án IT (nếu có).
* Ghi nhận, theo dõi và báo cáo các sự cố phát sinh.
* Thực hiện các công việc khác theo hướng dẫn của quản lý.

**Chức vụ:** Thực Tập Sinh

**Hình thức làm việc:** Toàn thời gian

**Quyền lợi được hưởng:**

* Lương phụ cấp: 1 triệu VNĐ/ tháng
* Được đào tạo, có cơ hội làm việc chính thức tại công ty.
* Môi trường trẻ trung, năng động, được tạo tối đa điều kiện phát huy năng lực chuyên môn và phát triển sự nghiệp.
* Được cấp thiết bị làm việc

**Yêu cầu bằng cấp (tối thiểu):** Cao Đẳng

**Yêu cầu công việc:**

* Sinh viên năm 3–4 hoặc mới tốt nghiệp ngành CNTT hoặc liên quan.
* Có kiến thức cơ bản về máy tính, mạng, phần mềm.
* Biết cài đặt Windows, phần mềm văn phòng, xử lý lỗi cơ bản.
* Có tinh thần học hỏi, chủ động, trách nhiệm trong công việc.
* Kỹ năng giao tiếp tốt, hỗ trợ người dùng hiệu quả.
* Kiến thức về các hệ thống mạng và phần mềm.
* Kỹ năng giải quyết vấn đề tốt.
* Tinh thần cầu tiến và ham học hỏi.

**Yêu cầu giới tính:** Nam/Nữ

**Ngành nghề:** Hành Chính Tổng Hợp,Phần Cứng \- Lập Trình Nhúng,Phát Triển Kinh Doanh,Vận Hành IT \- IT Helpdesk


  

Cao Đẳng
  

Không yêu cầu",IT Helpdesk,2026-08-05
Kỹ Thuật Viên Tại Bà Rịa - Vũng Tàu,Chi nhánh Vũng Tàu- Công ty Cổ phần Viễn Thông FPT,"Vũng Tàu, SG, VN",indeed,https://vn.indeed.com/viewjob?jk=aca92c174e6f26b0,"**Mô tả công việc:**


(Mức lương: 8 \- 20 triệu VNĐ)* Tiếp nhận, kiểm tra, chẩn đoán các sự cố, lỗi kỹ thuật của thiết bị, đường truyền.
* Tiến hành lắp đặt, cài đặt, cấu hình các thiết bị điện tử, viễn thông mới tại văn phòng hoặc địa điểm của khách hàng.
* Thực hiện công tác bảo trì định kỳ, kiểm tra hoạt động ổn định của hệ thống thiết bị.
* Ghi nhận chi tiết thông tin sự cố, quá trình sửa chữa, kết quả kiểm tra và các giải pháp đã thực hiện vào hệ thống báo cáo.
* Hỗ trợ kỹ thuật, giải đáp thắc mắc cho người dùng hoặc khách hàng về việc vận hành và sử dụng thiết bị.

**Chức vụ:** Nhân Viên/Chuyên Viên

**Hình thức làm việc:** Toàn thời gian

**Quyền lợi được hưởng:**

* Mức lương cạnh tranh, hấp dẫn, thỏa thuận theo năng lực và kinh nghiệm thực tế.
* Tham gia đầy đủ các chế độ bảo hiểm theo quy định của pháp luật (BHXH, BHYT, BHTN).
* Hưởng các chế độ phúc lợi khác theo quy định của công ty: nghỉ lễ, thưởng các dịp lễ Tết, lương tháng 13, khám sức khỏe định kỳ.
* Được đào tạo nâng cao nghiệp vụ chuyên môn, kỹ năng làm việc liên tục trong quá trình làm việc.
* Cơ hội thăng tiến rõ ràng trong môi trường làm việc chuyên nghiệp, năng động.
* Tham gia các hoạt động gắn kết đội nhóm, teambuilding, du lịch hàng năm của công ty.

**Yêu cầu bằng cấp (tối thiểu):** Trung cấp

**Yêu cầu công việc:**

* Không yêu cầu kinh nghiệm. Ứng viên mới tốt nghiệp hoặc chưa có kinh nghiệm sẽ được đào tạo.
* Tốt nghiệp Cao đẳng/Trung cấp trở lên các chuyên ngành Điện, Điện tử, Viễn thông, Cơ điện tử hoặc các ngành liên quan.
* Cẩn thận, tỉ mỉ, có trách nhiệm trong công việc và tinh thần học hỏi cao.
* Sức khỏe tốt, có khả năng di chuyển và làm việc ngoài giờ khi cần thiết.

**Yêu cầu giới tính:** Nam

**Ngành nghề:** Cơ Điện Tử,Hạ Tầng \- Mạng,Vận Hành IT \- IT Helpdesk,Điện \- Điện Công Nghiệp,Điện Dân Dụng


  

Trung cấp
  

Không yêu cầu",IT Helpdesk,2026-08-05
Nhân Viên Lắp Đặt - Bảo Trì tại Phú Mỹ,Chi nhánh Vũng Tàu- Công ty Cổ phần Viễn Thông FPT,"Vũng Tàu, SG, VN",indeed,https://vn.indeed.com/viewjob?jk=698307bf5de7f4e2,"**Mô tả công việc:**


(Mức lương: 8 \- 20 triệu VNĐ)* Tiếp nhận, kiểm tra, chẩn đoán các sự cố, lỗi kỹ thuật của thiết bị, đường truyền.
* Tiến hành lắp đặt, cài đặt, cấu hình các thiết bị điện tử, viễn thông mới tại văn phòng hoặc địa điểm của khách hàng.
* Thực hiện công tác bảo trì định kỳ, kiểm tra hoạt động ổn định của hệ thống thiết bị.
* Ghi nhận chi tiết thông tin sự cố, quá trình sửa chữa, kết quả kiểm tra và các giải pháp đã thực hiện vào hệ thống báo cáo.
* Hỗ trợ kỹ thuật, giải đáp thắc mắc cho người dùng hoặc khách hàng về việc vận hành và sử dụng thiết bị.

**Chức vụ:** Nhân Viên/Chuyên Viên

**Hình thức làm việc:** Toàn thời gian

**Quyền lợi được hưởng:**

* Mức lương cạnh tranh, hấp dẫn, thỏa thuận theo năng lực và kinh nghiệm thực tế.
* Tham gia đầy đủ các chế độ bảo hiểm theo quy định của pháp luật (BHXH, BHYT, BHTN).
* Hưởng các chế độ phúc lợi khác theo quy định của công ty: nghỉ lễ, thưởng các dịp lễ Tết, lương tháng 13, khám sức khỏe định kỳ.
* Được đào tạo nâng cao nghiệp vụ chuyên môn, kỹ năng làm việc liên tục trong quá trình làm việc.
* Cơ hội thăng tiến rõ ràng trong môi trường làm việc chuyên nghiệp, năng động.
* Tham gia các hoạt động gắn kết đội nhóm, teambuilding, du lịch hàng năm của công ty.

**Yêu cầu bằng cấp (tối thiểu):** Trung cấp

**Yêu cầu công việc:**

* Không yêu cầu kinh nghiệm. Ứng viên mới tốt nghiệp hoặc chưa có kinh nghiệm sẽ được đào tạo.
* Tốt nghiệp Cao đẳng/Trung cấp trở lên các chuyên ngành Điện, Điện tử, Viễn thông, Cơ điện tử hoặc các ngành liên quan.
* Cẩn thận, tỉ mỉ, có trách nhiệm trong công việc và tinh thần học hỏi cao.
* Sức khỏe tốt, có khả năng di chuyển và làm việc ngoài giờ khi cần thiết.

**Yêu cầu giới tính:** Nam

**Ngành nghề:** Cơ Điện Tử,Hạ Tầng \- Mạng,Vận Hành IT \- IT Helpdesk,Điện \- Điện Công Nghiệp,Điện Dân Dụng


  

Trung cấp
  

Không yêu cầu",IT Helpdesk,2026-08-05
Thực Tập Sinh IT Helpdesk - Nhận Thực Tập Trái Ngành - Hỗ Trợ Báo Cáo Thực Tập Và Dấu Mộc [G2],Bellsystem24 VietNam,"Thành phố Hồ Chí Minh, SG, VN",indeed,https://vn.indeed.com/viewjob?jk=04270bf3a7fdb36b,"**Mô tả công việc:**


(Mức lương: Thỏa thuận)* Hỗ trợ cài đặt, bảo trì và sửa chữa phần cứng máy tính.
* Hỗ trợ quản trị hệ thống, mạng nội bộ.
* Kiểm tra, xử lý các sự cố kỹ thuật cơ bản.
* Hỗ trợ các công việc IT khác theo phân công.

**Chức vụ:** Thực Tập Sinh

**Hình thức làm việc:** Toàn thời gian

**Quyền lợi được hưởng:**

* Sẽ hỗ trợ đóng mộc sau khi kết thúc thực tập.
* Được đào tạo và hướng dẫn thực tế.
* Có cơ hội học hỏi, nâng cao kỹ năng chuyên môn.
* Môi trường làm việc thân thiện.
* **Có khả năng thăng tiến trở thành nhân viên chính thức**

**Yêu cầu bằng cấp (tối thiểu):** Trung học phổ thông

**Yêu cầu công việc:**

* Sinh viên nam thực tập chuyên ngành CNTT hoặc liên quan.
* Có kiến thức cơ bản về phần cứng, hệ thống, mạng.
* Chăm chỉ, có tinh thần học hỏi.
* Có trách nhiệm trong công việc.

**Yêu cầu giới tính:** Nam

**Ngành nghề:** Vận Hành IT \- IT Helpdesk


  

Trung học phổ thông
  

Không yêu cầu",IT Helpdesk,2026-08-05
Kỹ Sư Hệ Thống,CÔNG TY TNHH TECHVALLEY VIET NAM,"Thành phố Hồ Chí Minh, SG, VN",indeed,https://vn.indeed.com/viewjob?jk=33932c306e8cb2ba,"**Mô tả công việc:**


(Mức lương: Đến 18 triệu VNĐ)* TechValley đang tìm kiếm một Kỹ Sư Hệ Thống có năng lực để gia nhập văn phòng Hồ Chí Minh. Bạn sẽ chịu trách nhiệm toàn diện về môi trường hạ tầng \- thiết kế, triển khai và duy trì hệ thống ảo hóa, máy chủ Linux, hạ tầng mạng, giải pháp bảo mật, VPN, nền tảng đám mây và hệ thống lưu trữ. Đây là vị trí toàn thời gian, đòi hỏi kỹ thuật cao, dành cho ứng viên thích nghi tốt với môi trường công nghệ quốc tế năng động.
* Note: Vui lòng gửi CV Tiếng Anh (nếu có)
* Hỗ trợ kỹ thuật cho khách hàng thông qua các kênh trực tuyến (online) và trực tiếp (offline).
* Chẩn đoán, xử lý và giải quyết các sự cố kỹ thuật kịp thời.
* Phối hợp chặt chẽ với đội ngũ kỹ thuật nội bộ nhằm đảm bảo sự hài lòng của khách hàng.
* Thiết kế, triển khai và duy trì môi trường máy ảo (VMware, KVM, Hyper\-V hoặc tương đương)
* Quản lý vòng đời VM: tạo mới, mở rộng, snapshot, di chuyển và ngừng hoạt động
* Giám sát hiệu suất VM và tối ưu phân bổ tài nguyên
* Quản trị máy chủ Linux (CentOS, Ubuntu, RHEL hoặc Debian)
* Quản lý cấu hình hệ thống, cập nhật, vá lỗi và tăng cường bảo mật
* Xử lý sự cố ở cấp độ OS và tự động hóa tác vụ bằng shell script
* Thiết kế, cấu hình và duy trì hạ tầng LAN/WAN, VLAN, routing và switching
* Giám sát hiệu suất mạng và xử lý sự cố
* Quản lý DNS, DHCP và load balancing
* Cấu hình và quản lý chính sách Firewall (Palo Alto, Fortinet, pfSense hoặc tương đương)
* Triển khai và duy trì Web Application Firewall (WAF)
* Áp dụng các biện pháp bảo mật tốt nhất, kiểm tra định kỳ và ứng phó với mối đe dọa
* Đảm bảo tuân thủ quy định an ninh mạng của Việt Nam (NCS)
* Thiết lập và quản lý VPN site\-to\-site và remote access (IPSec, SSL hoặc TLS, OpenVPN hoặc tương đương)
* Duy trì kết nối an toàn và ổn định cho hệ thống nội bộ và khách hàng
* Quản lý môi trường đám mây (AWS, Azure, GCP hoặc cloud provider Việt Nam)
* Hỗ trợ chiến lược multi\-cloud: cung cấp tài nguyên, tối ưu chi phí và giám sát
* Tham gia các dự án di chuyển lên cloud
* Quản lý hệ thống SAN/NAS/object storage và giải pháp backup
* Giám sát dung lượng, hiệu suất và tính sẵn sàng của lưu trữ
* Triển khai chiến lược khôi phục thảm họa và dự phòng dữ liệu

**Chức vụ:** Nhân Viên/Chuyên Viên

**Hình thức làm việc:** Toàn thời gian

**Quyền lợi được hưởng:**

* Lên vị trí chính thức sau 2 tháng thử việc
* Cấp thiết bị làm việc đảm bảo hiệu suất công việc
* Lương tháng 13 (Thưởng Tết)
* Đóng BHXH, BHYT, BHTN đầy đủ
* Hưởng các quyền lợi lao động theo pháp luật Việt Nam
* Du lịch hàng năm, Team Building, Team Dinner, các hoạt động gắn kết team của công ty,...
* Lương thỏa thuận theo năng lực và kinh nghiệm.
* Thưởng hiệu suất và thưởng theo kết quả kinh doanh.
* Xét tăng lương định kỳ.
* Bảo hiểm sức khỏe bổ sung.
* Khám sức khỏe định kỳ hằng năm.

**Yêu cầu bằng cấp (tối thiểu):** Trung cấp \- Nghề

**Yêu cầu công việc:**

* Tiếng Việt: Bản ngữ / Thành thạo (bắt buộc — phải là công dân Việt Nam)
* Tiếng Anh: Đọc, viết và giao tiếp tốt (bắt buộc)
* Kinh nghiệm thực tế với một hoặc nhiều lĩnh vực: quản lý VM, Linux OS, Mạng, Bảo mật, VPN, Cloud, hoặc Lưu trữ
* Quen thuộc với các nền tảng ảo hóa (VMware ESXi, KVM, Proxmox hoặc tương tự)
* Thành thạo dòng lệnh Linux
* Hiểu biết về TCP/IP, giao thức định tuyến và bảo mật mạng
* Kinh nghiệm với các công cụ bảo mật: Firewall, WAF, IDS/IPS
* Kiến thức về các nền tảng đám mây (AWS, Azure, GCP) là lợi thế
* Có kỹ năng giao tiếp và kỹ năng làm việc với khách hàng tốt.
* Có tư duy hướng đến khách hàng và khả năng giải thích các vấn đề kỹ thuật một cách rõ ràng, dễ hiểu.
* Ưu tiên ứng viên có từ 2 năm kinh nghiệm trở lên trong lĩnh vực kỹ thuật hệ thống/mạng/hạ tầng
* Kinh nghiệm làm việc trong môi trường công ty đa quốc gia hoặc FDI là lợi thế
* Làm việc toàn thời gian tại văn phòng TechValley TP. Hồ Chí Minh
* Kỹ năng giải quyết vấn đề tốt, có thể làm việc độc lập
* Tư duy chủ động trong giao tiếp và hợp tác nhóm

**Yêu cầu giới tính:** Nam/Nữ

**Ngành nghề:** An Toàn Thông Tin \- An Ninh Mạng,DevOps \- Cloud,Hạ Tầng \- Mạng,Lập Trình \- Phát Triển Phần Mềm,Vận Hành \- Bảo Trì \- Sửa Chữa,Vận Hành IT \- IT Helpdesk


  

Trung cấp \- Nghề
  

Không yêu cầu",IT Helpdesk,2026-08-05
IT Manager _ Mekong Capital,Mekong Capital,"Thành phố Hồ Chí Minh, SG, VN",indeed,https://vn.indeed.com/viewjob?jk=e8ec6f1c6c849f05,"**I. Key Accountabilities:**

The IT Manager is the accountable owner for the stable, secure, and continuous day\-to\-day operation of Mekong's IT systems, ensuring that approved IT solutions are delivered and run reliably to support daily business operations.


The IT Manager owns the key results of the IT function.

**1\. IT Infrastructure \& Operations:**

* **Lead full accountability** for the operation of all IT systems, servers, networks, hardware, software, and applications across the organization (HCM \& HN).
* Oversee cloud and platform services (e.g., Microsoft 365, SharePoint, Notion, Trello, BI, etc.) and **ensure their stable, secure, and reliable day\-to\-day operation**.
* **Ensure system availability, performance, operational stability, and business continuity** for both office\-based and remote users.
* Be accountable for **incident management, root cause analysis, and timely resolution** of system outages or major IT issues.

**2\. Cybersecurity \& Risk Management:**

* Enforce cybersecurity policies, standards, and operational controls across all IT systems.
* **Lead the execution and effectiveness** of endpoint protection, data backup, disaster recovery, and incident response.
* Ensure backup and recovery processes are tested and effective to support business continuity.
* Coordinate vulnerability assessments, penetration testing, and remediation actions with security partners and vendors.

**3\. User Support \& Training:**

* **Lead the quality and effectiveness of IT user support services**, including helpdesk operations (in\-house or outsourced).
* Ensure timely resolution of IT incidents related to hardware, software, video conferencing, and remote access.
* Ensure consistent IT onboarding and essential user training to enable effective system usage across the organization.

**4\. Vendor \& Budget Management:**

* Manage operational relationships with IT service providers and software vendors.
* **Lead contract execution, SLA compliance, service performance, renewals, and cost control**.
* Be accountable for vendor delivery quality and alignment with agreed operational requirements.
* Support budgeting, payment requests, and periodic vendor performance reviews.

**5\. Systems \& Compliance:**

* **Lead the operation and ongoing reliability** of fund management–specific systems (e.g., CRM, data rooms, portfolio monitoring tools).
* Ensure systems are operated in compliance with data privacy regulations and internal policies.
* Act as the IT point of accountability in supporting internal and external audits from a technology and systems operation perspective.

**6\. Digital Enablement \& Project Execution:**

* Execute and roll out approved digital, automation, and AI\-related initiatives in alignment with company strategy defined by leadership.
* Coordinate internal IT resources and vendors to deliver digital solutions effectively.
* Ensure deployed solutions are operationally stable, secure, and adopted by users.
* Monitor post\-implementation effectiveness and support continuous improvement from an operational perspective.

**7\. Other Taks:**

* Handle administrative task related to your activities (contract with vendors, making payment request, etc)
* Other tasks requested by Partners or Directors

**II. Key Requirements:**

* **Minimum 3–5 years of experience in an IT Manager or IT Head role**, with full ownership of end‑to‑end IT operations, including systems, infrastructure, cloud environments, system uptime, and incident management.
* Proven ability to **work with C‑suite stakeholders (CEO/Director)**, with a thorough approach to understanding requirements, accurately capturing details, and proactively clarifying any unclear points before execution.
* Demonstrated **leadership and ownership**, including managing IT staff and/or external vendors and taking accountability when issues arise.
* Solid understanding of **enterprise IT architecture** and modern delivery practices (e.g. Agile) is a strong advantage.
* Fluent English Communications.
* **Results‑oriented**: Focuses on outcomes, takes ownership, and delivers commitments end to end
* **Question \& Discovery mindset**: Asks the right questions to thoroughly understand requirements and clarify expectations.
* **Solution‑driven**: Converts issues and requirements into practical, effective solutions.",IT Helpdesk,2026-08-04
Nhân Viên CNTT - Không Yêu Cầu Kinh Nghiệm,jobsgo recruit,"Thành phố Hồ Chí Minh, SG, VN",indeed,https://vn.indeed.com/viewjob?jk=22c478ffb183f8d9,"**Mô tả công việc:**


(Mức lương: Từ 7 triệu VNĐ)* Tiếp nhận, ghi nhận và phân tích nhu cầu xây dựng Website/Phần mềm từ khách hàng.
* Tư vấn về giao diện, màu sắc, tính năng và giải pháp phù hợp với từng doanh nghiệp.
* Chuẩn bị tài liệu đặc tả yêu cầu (Business Requirement) để chuyển cho đội ngũ IT Developer.
* Demo giao diện, kiểm thử Website/App và theo dõi quá trình xử lý lỗi.
* Phối hợp với đội ngũ lập trình trong suốt quá trình triển khai dự án.
* Hướng dẫn khách hàng sử dụng Website.
* Hỗ trợ quản trị Website, gia hạn, nâng cấp và chăm sóc khách hàng sau bàn giao.
* Hỗ trợ tối ưu Website theo các tiêu chí SEO cơ bản.
* Thực hiện các công việc khác theo sự phân công của quản lý.

**Chức vụ:** Nhân Viên/Chuyên Viên

**Hình thức làm việc:** Toàn thời gian

**Quyền lợi được hưởng:**

* Thu nhập: Từ 7\.000\.000 đồng/tháng (trao đổi theo năng lực khi phỏng vấn).
* Được đào tạo bài bản về quy trình triển khai Website.
* Tham gia trực tiếp các dự án Website và phần mềm dành cho doanh nghiệp.
* Làm việc trong môi trường công nghệ trẻ trung, chuyên nghiệp và năng động.
* Được hướng dẫn trực tiếp bởi Project Leader.
* Tham gia các hoạt động nội bộ, team building và các chế độ của công ty theo quy định.

**Yêu cầu bằng cấp (tối thiểu):** Cao Đẳng

**Yêu cầu công việc:**

* **Sinh viên năm cuối hoặc mới tốt nghiệp các ngành Công nghệ thông tin, Hệ thống thông tin, Thương mại điện tử hoặc các ngành liên quan.**
* Có kiến thức cơ bản về Website, Web PHP, App hoặc UI/UX là một lợi thế.
* Có khả năng giao tiếp, tư vấn và làm việc với khách hàng.
* Thành thạo tin học văn phòng.
* Có tinh thần học hỏi, chủ động và trách nhiệm trong công việc.
* Có khả năng làm việc nhóm

**Yêu cầu giới tính:** Nam/Nữ

**Ngành nghề:** Dữ Liệu \- AI \- Học Máy,Kiểm Thử Phần Mềm,Lập Trình \- Phát Triển Phần Mềm,Triển Khai Giải Pháp IT,Vận Hành IT \- IT Helpdesk


  

Cao Đẳng
  

Không yêu cầu",IT Helpdesk,2026-08-04
Marketing Công Nghệ Thông Tin + Đào Tạo Phát Triển Thị Trường + Có Cơ Hội Thăng Tiến Vị Trí Quản Lý,CÔNG TY TNHH CÔNG NGHỆ PHẦN MỀM NASANI,"Thành phố Hồ Chí Minh, SG, VN",indeed,https://vn.indeed.com/viewjob?jk=ee62191745235edd,"**Mô tả công việc:**


(Mức lương: 3 \- 15 triệu VNĐ)* Tiếp nhận thông tin khách hàng.
* Tư vấn triển khai phần mềm Website cho khách hàng.
* Tư vấn về bố cục, màu sắc, chức năng của trang Website.
* Lên ý tưởng, lên bảng Demo Website.
* Tương tác với bộ phận Kỹ Thuật giúp khách hàng có trang Website hoàn chỉnh.
* Test Website cho khách trước khi bàn giao.
* Hỗ trợ chăm sóc khách hàng.
* Các công việc khác theo sắp xếp của công ty.

**Chức vụ:** Nhân Viên/Chuyên Viên

**Hình thức làm việc:** Toàn thời gian

**Quyền lợi được hưởng:**

* Được đào tạo huấn luyện trong quá trình làm việc.
* Được hưởng chế độ của công ty đầy đủ.
* Được giao tiếp và đi thị trường gặp khách hàng để nâng cao nghiệp vụ chuyên ngành.

**Yêu cầu bằng cấp (tối thiểu):** Trung cấp

**Yêu cầu công việc:**

* Không yêu cầu kinh nghiệm.
* Làm việc fulltime giờ hành chính.
* Làm việc giờ hành chính (8h\-17h), từ thứ 2 đến sáng thứ 7\.
* Sẵn sàng đi làm.

**Yêu cầu giới tính:** Nam/Nữ

**Ngành nghề:** Triển Khai Giải Pháp IT,Vận Hành IT \- IT Helpdesk,Đào Tạo \& Phát Triển (L\&D)


  

Trung cấp
  

Không yêu cầu",IT Helpdesk,2026-08-04
Marketing Công Nghệ Thông Tin (Fulltime) Có Hỗ Trợ Lương + Đào Tạo,CÔNG TY TNHH CÔNG NGHỆ PHẦN MỀM NASANI,"Thành phố Hồ Chí Minh, SG, VN",indeed,https://vn.indeed.com/viewjob?jk=d2e729856056deb1,"**Mô tả công việc:**


(Mức lương: 3 \- 9 triệu VNĐ)* Tiếp nhận thông tin khách hàng.
* Tư vấn triển khai phần mềm Website cho khách hàng.
* Tư vấn về bố cục, màu sắc, chức năng của trang Website.
* Lên ý tưởng, lên bảng Demo Website.
* Tương tác với bộ phận Kỹ Thuật giúp khách hàng có trang Website hoàn chỉnh.
* Test Website cho khách trước khi bàn giao.
* Hỗ trợ chăm sóc khách hàng.
* Các công việc khác theo sắp xếp của công ty.

**Chức vụ:** Nhân Viên/Chuyên Viên

**Hình thức làm việc:** Toàn thời gian

**Quyền lợi được hưởng:**

* Được đào tạo huấn luyện trong quá trình làm việc.
* Được hưởng chế độ của công ty đầy đủ.
* Được giao tiếp và đi thị trường gặp khách hàng để nâng cao nghiệp vụ chuyên ngành.

**Yêu cầu bằng cấp (tối thiểu):** Trung cấp

**Yêu cầu công việc:**

* Không yêu cầu kinh nghiệm.
* Làm việc fulltime giờ hành chính.
* Làm việc giờ hành chính (8h\-17h), từ thứ 2 đến sáng thứ 7\.
* Sẵn sàng đi làm.

**Yêu cầu giới tính:** Nam/Nữ

**Ngành nghề:** Triển Khai Giải Pháp IT,Vận Hành IT \- IT Helpdesk,Đào Tạo \& Phát Triển (L\&D)


  

Trung cấp
  

Không yêu cầu",IT Helpdesk,2026-08-04
Marketing Công Nghệ Thông Tin + Đào Tạo + Phát Triển,CÔNG TY TNHH CÔNG NGHỆ PHẦN MỀM NASANI,"Thành phố Hồ Chí Minh, SG, VN",indeed,https://vn.indeed.com/viewjob?jk=118afa8eca5785a9,"**Mô tả công việc:**


(Mức lương: 3 \- 9 triệu VNĐ)* Tiếp nhận thông tin khách hàng.
* Tư vấn triển khai phần mềm Website cho khách hàng.
* Tư vấn về bố cục, màu sắc, chức năng của trang Website.
* Lên ý tưởng, lên bảng Demo Website.
* Tương tác với bộ phận Kỹ Thuật giúp khách hàng có trang Website hoàn chỉnh.
* Test Website cho khách trước khi bàn giao.
* Hỗ trợ chăm sóc khách hàng.
* Các công việc khác theo sắp xếp của công ty.

**Chức vụ:** Nhân Viên/Chuyên Viên

**Hình thức làm việc:** Toàn thời gian

**Quyền lợi được hưởng:**

* Được đào tạo huấn luyện trong quá trình làm việc.
* Được hưởng chế độ của công ty đầy đủ.
* Được giao tiếp và đi thị trường gặp khách hàng để nâng cao nghiệp vụ chuyên ngành.

**Yêu cầu bằng cấp (tối thiểu):** Trung cấp

**Yêu cầu công việc:**

* Không yêu cầu kinh nghiệm.
* Làm việc fulltime giờ hành chính.
* Làm việc giờ hành chính (8h\-17h), từ thứ 2 đến sáng thứ 7\.
* Sẵn sàng đi làm.

**Yêu cầu giới tính:** Nam/Nữ

**Ngành nghề:** Triển Khai Giải Pháp IT,Vận Hành IT \- IT Helpdesk,Đào Tạo \& Phát Triển (L\&D)


  

Trung cấp
  

Không yêu cầu",IT Helpdesk,2026-08-04
Đào Tạo Nhân Viên Công Nghệ Thông Tin (Fulltime) Có Hỗ Trợ Lương + Đào Tạo,CÔNG TY TNHH CÔNG NGHỆ PHẦN MỀM NASANI,"Thành phố Hồ Chí Minh, SG, VN",indeed,https://vn.indeed.com/viewjob?jk=b258bb1b7fa73aa5,"**Mô tả công việc:**


(Mức lương: 3 \- 9 triệu VNĐ)* Tiếp nhận thông tin khách hàng.
* Tư vấn triển khai phần mềm Website cho khách hàng.
* Tư vấn về bố cục, màu sắc, chức năng của trang Website.
* Lên ý tưởng, lên bảng Demo Website.
* Tương tác với bộ phận Kỹ Thuật giúp khách hàng có trang Website hoàn chỉnh.
* Test Website cho khách trước khi bàn giao.
* Hỗ trợ chăm sóc khách hàng.
* Các công việc khác theo sắp xếp của công ty.

**Chức vụ:** Nhân Viên/Chuyên Viên

**Hình thức làm việc:** Toàn thời gian

**Quyền lợi được hưởng:**

* Được đào tạo huấn luyện trong quá trình làm việc.
* Được hưởng chế độ của công ty đầy đủ.
* Được giao tiếp và đi thị trường gặp khách hàng để nâng cao nghiệp vụ chuyên ngành.

**Yêu cầu bằng cấp (tối thiểu):** Trung cấp

**Yêu cầu công việc:**

* Không yêu cầu kinh nghiệm.
* Làm việc fulltime giờ hành chính.
* Làm việc giờ hành chính (8h\-17h), từ thứ 2 đến sáng thứ 7\.
* Sẵn sàng đi làm.

**Yêu cầu giới tính:** Nam/Nữ

**Ngành nghề:** Triển Khai Giải Pháp IT,Vận Hành IT \- IT Helpdesk,Đào Tạo \& Phát Triển (L\&D)


  

Trung cấp
  

Không yêu cầu",IT Helpdesk,2026-08-04
Nhân Viên CNTT - Không Yêu Cầu Kinh Nghiệm,CÔNG TY TNHH CÔNG NGHỆ PHẦN MỀM NASANI,"Thành phố Hồ Chí Minh, SG, VN",indeed,https://vn.indeed.com/viewjob?jk=f06cc5b9fadf4cc8,"**Mô tả công việc:**


(Mức lương: Từ 7 triệu VNĐ)* Tiếp nhận, ghi nhận và phân tích nhu cầu xây dựng Website/Phần mềm từ khách hàng.
* Tư vấn về giao diện, màu sắc, tính năng và giải pháp phù hợp với từng doanh nghiệp.
* Chuẩn bị tài liệu đặc tả yêu cầu (Business Requirement) để chuyển cho đội ngũ IT Developer.
* Demo giao diện, kiểm thử Website/App và theo dõi quá trình xử lý lỗi.
* Phối hợp với đội ngũ lập trình trong suốt quá trình triển khai dự án.
* Hướng dẫn khách hàng sử dụng Website.
* Hỗ trợ quản trị Website, gia hạn, nâng cấp và chăm sóc khách hàng sau bàn giao.
* Hỗ trợ tối ưu Website theo các tiêu chí SEO cơ bản.
* Thực hiện các công việc khác theo sự phân công của quản lý.

**Chức vụ:** Nhân Viên/Chuyên Viên

**Hình thức làm việc:** Toàn thời gian

**Quyền lợi được hưởng:**

* Thu nhập: Từ 7\.000\.000 đồng/tháng (trao đổi theo năng lực khi phỏng vấn).
* Được đào tạo bài bản về quy trình triển khai Website.
* Tham gia trực tiếp các dự án Website và phần mềm dành cho doanh nghiệp.
* Làm việc trong môi trường công nghệ trẻ trung, chuyên nghiệp và năng động.
* Được hướng dẫn trực tiếp bởi Project Leader.
* Tham gia các hoạt động nội bộ, team building và các chế độ của công ty theo quy định.

**Yêu cầu bằng cấp (tối thiểu):** Cao Đẳng

**Yêu cầu công việc:**

* **Sinh viên năm cuối hoặc mới tốt nghiệp các ngành Công nghệ thông tin, Hệ thống thông tin, Thương mại điện tử hoặc các ngành liên quan.**
* Có kiến thức cơ bản về Website, Web PHP, App hoặc UI/UX là một lợi thế.
* Có khả năng giao tiếp, tư vấn và làm việc với khách hàng.
* Thành thạo tin học văn phòng.
* Có tinh thần học hỏi, chủ động và trách nhiệm trong công việc.
* Có khả năng làm việc nhóm

**Yêu cầu giới tính:** Nam/Nữ

**Ngành nghề:** Dữ Liệu \- AI \- Học Máy,Kiểm Thử Phần Mềm,Lập Trình \- Phát Triển Phần Mềm,Triển Khai Giải Pháp IT,Vận Hành IT \- IT Helpdesk


  

Cao Đẳng
  

Không yêu cầu",IT Helpdesk,2026-08-04
Thực Tập Sinh Hỗ Trợ Công Nghệ,Công ty TNHH Gia sư eTeacher,"Thành phố Hồ Chí Minh, SG, VN",indeed,https://vn.indeed.com/viewjob?jk=fa7294d16e1b86cc,"**Mô tả công việc:**


(Mức lương: Thỏa thuận)* Hỗ trợ setup và duy trì hoạt động cho các account social.
* Setup hệ thống vận hành và kiểm soát các nhân sự.
* Hỗ trợ xử lý tạo BM.
* Hỗ trợ team kinh doanh xử lý data / KH thông qua các account social.
* Các công việc khác liên quan đến hạ tầng công ty.

**Chức vụ:** Thực Tập Sinh

**Hình thức làm việc:** Bán thời gian

**Quyền lợi được hưởng:**

* Hỗ trợ dấu mộc thực tập và số liệu báo cáo.
* Làm việc trong môi trường trẻ trung, năng động.
* Được training về hệ thống quản lý, cách xây dựng hệ thống quản lý.
* Thời gian làm việc linh hoạt.

**Yêu cầu bằng cấp (tối thiểu):** Cao Đẳng

**Yêu cầu công việc:**

* Sinh viên các trường Cao đẳng/ Đại học.
* Chăm chỉ, cẩn thận.
* Nhanh nhẹn, yêu thích làm việc trong môi trường giáo dục, hỗ trợ công nghệ.

**Yêu cầu giới tính:** Nam/Nữ

**Ngành nghề:** Dữ Liệu \- AI \- Học Máy,Hạ Tầng \- Mạng,Quản Lý Dự Án IT,Quản Lý Sản Phẩm IT,Vận Hành IT \- IT Helpdesk


  

Cao Đẳng
  

Không yêu cầu",IT Helpdesk,2026-08-04
IT EXECUTIVE,Công Ty Cổ Phần Nghiên Cứu Và Tư Vấn Thị Trường Vi Na,"Thành phố Hồ Chí Minh, SG, VN",indeed,https://vn.indeed.com/viewjob?jk=394726f1bc01550f,"**Mô tả công việc:**


(Mức lương: Đến 20 triệu VNĐ)* Tư vấn chiến lược cho Ban Giám đốc về định hướng phát triển công ty trong ngắn hạn (1\-3 năm).
* Xây dựng hệ thống tài liệu tiêu chuẩn để sử dụng đồng bộ trong toàn công ty.
* Quản lý máy chủ.
* Quản lý hệ thống mạng.
* Quản lý thiết bị CNTT của công ty.
* Quản lý hệ thống viễn thông văn phòng.
* Quản lý trang web công ty.
* Quản lý phần mềm.
* Am hiểu và có khả năng vận hành hệ sinh thái Microsoft 365 (O365\), bao gồm quản trị tài khoản người dùng, phân quyền, email, lưu trữ dữ liệu, cộng tác nội bộ và hỗ trợ xử lý sự cố hệ thống.
* Quản trị hệ thống máy tính, hỗ trợ các phòng ban vận hành hiệu quả.
* Quản trị thông tin trên trang web của công ty.
* Xây dựng hệ thống mạng nội bộ (intranet).
* Xử lý các sự cố liên quan đến mạng.
* Quản lý trang thiết bị công nghệ thông tin của công ty.
* Thực hiện bảo trì định kỳ, nâng cấp hệ thống và thiết bị.
* Đề xuất kế hoạch bảo trì, nâng cấp hệ thống, thay đổi dịch vụ theo nhu cầu phát triển của công ty.
* Hỗ trợ công tác quản trị hành chính, bảo trì và thay thế tài sản, thiết bị văn phòng.
* Thực hiện các công việc khác theo yêu cầu từ Ban Giám đốc.
* Cài đặt, cấu hình, nâng cấp và duy trì hệ điều hành (Windows, macOS, Linux) và các phần mềm văn phòng thiết yếu, bao gồm phần mềm văn phòng và email.
* Vận hành và giám sát hệ thống an ninh mạng, tường lửa và thực hiện sao lưu dữ liệu định kỳ.
* Đề xuất và triển khai các giải pháp công nghệ mới nhằm nâng cao hiệu quả và giảm rủi ro về bảo mật thông tin.

**Chức vụ:** Nhân Viên/Chuyên Viên

**Hình thức làm việc:** Toàn thời gian

**Quyền lợi được hưởng:**

* Lương thỏa thuận
* Laptop và các công cụ, dụng cụ phục vụ cho công việc
* Bảo hiểm các loại
* Thưởng tháng theo năng suất và hiệu quả công việc
* Lương tháng 13
* Thưởng cuối năm (phụ thuộc tình hình kinh doanh của công ty)
* Du lịch hàng năm

**Nơi làm việc:**

* Thời gian làm việc: 8h30 – 5h30 Từ thứ 2 đến thứ 6 và hai ngày thứ 7 trong tháng
* HCMC: Block G, Room 1621, The Manor Officetel, 91 Nguyen Huu Canh, Thanh My Tay ward, Ho Chi Minh City.

**Yêu cầu bằng cấp (tối thiểu):** Đại Học

**Yêu cầu công việc:**

* Tốt nghiệp chuyên ngành Công nghệ Thông tin, Khoa học Máy tính hoặc tương đương.
* Bảo mật thông tin nội bộ công ty.
* Tối thiểu 2 năm kinh nghiệm trong lĩnh vực vận hành hệ thống CNTT.
* Có kinh nghiệm triển khai các giải pháp CNTT.

**Yêu cầu giới tính:** Nam/Nữ

**Ngành nghề:** Vận Hành IT \- IT Helpdesk


  

Đại Học
  

Không yêu cầu",IT Helpdesk,2026-08-04
IT Manager,Mekong Capital,"Thành phố Hồ Chí Minh, SG, VN",indeed,https://vn.indeed.com/viewjob?jk=9c1332432a4a2741,"**I. Key Accountabilities:**
----------------------------


The IT Manager is the accountable owner for the stable, secure, and continuous day\-to\-day operation of Mekong’s IT systems, ensuring that approved IT solutions are delivered and run reliably to support daily business operations.



The IT Manager owns the key results of the IT function.


**1\. IT Infrastructure \& Operations:**


* **Lead full accountability** for the operation of all IT systems, servers, networks, hardware, software, and applications across the organization (HCM \& HN).
* Oversee cloud and platform services (e.g., Microsoft 365, SharePoint, Notion, Trello, BI, etc.) and **ensure their stable, secure, and reliable day\-to\-day operation**.
* **Ensure system availability, performance, operational stability, and business continuity** for both office\-based and remote users.
* Be accountable for **incident management, root cause analysis, and timely resolution** of system outages or major IT issues.


**2\. Cybersecurity \& Risk Management:**


* Enforce cybersecurity policies, standards, and operational controls across all IT systems.
* **Lead the execution and effectiveness** of endpoint protection, data backup, disaster recovery, and incident response.
* Ensure backup and recovery processes are tested and effective to support business continuity.
* Coordinate vulnerability assessments, penetration testing, and remediation actions with security partners and vendors.


**3\. User Support \& Training:**


* **Lead the quality and effectiveness of IT user support services**, including helpdesk operations (in\-house or outsourced).
* Ensure timely resolution of IT incidents related to hardware, software, video conferencing, and remote access.
* Ensure consistent IT onboarding and essential user training to enable effective system usage across the organization.


**4\. Vendor \& Budget Management:**


* Manage operational relationships with IT service providers and software vendors.
* **Lead contract execution, SLA compliance, service performance, renewals, and cost control**.
* Be accountable for vendor delivery quality and alignment with agreed operational requirements.
* Support budgeting, payment requests, and periodic vendor performance reviews.


**5\. Systems \& Compliance:**


* **Lead the operation and ongoing reliability** of fund management–specific systems (e.g., CRM, data rooms, portfolio monitoring tools).
* Ensure systems are operated in compliance with data privacy regulations and internal policies.
* Act as the IT point of accountability in supporting internal and external audits from a technology and systems operation perspective.


**6\. Digital Enablement \& Project Execution:**


* Execute and roll out approved digital, automation, and AI\-related initiatives in alignment with company strategy defined by leadership.
* Coordinate internal IT resources and vendors to deliver digital solutions effectively.
* Ensure deployed solutions are operationally stable, secure, and adopted by users.
* Monitor post\-implementation effectiveness and support continuous improvement from an operational perspective.


**7\. Other Taks:**


* Handle administrative task related to your activities (contract with vendors, making payment request, etc)
* Other tasks requested by Partners or Directors
**II. Key Requirements:**
-------------------------


* **Minimum 3–5 years of experience in an IT Manager or IT Head role**, with full ownership of end‑to‑end IT operations, including systems, infrastructure, cloud environments, system uptime, and incident management.
* Proven ability to **work with C‑suite stakeholders (CEO/Director)**, with a thorough approach to understanding requirements, accurately capturing details, and proactively clarifying any unclear points before execution.
* Demonstrated **leadership and ownership**, including managing IT staff and/or external vendors and taking accountability when issues arise.
* Solid understanding of **enterprise IT architecture** and modern delivery practices (e.g. Agile) is a strong advantage.
* Fluent English Communications.
* **Results‑oriented**: Focuses on outcomes, takes ownership, and delivers commitments end to end
* **Question \& Discovery mindset**: Asks the right questions to thoroughly understand requirements and clarify expectations.
* **Solution‑driven**: Converts issues and requirements into practical, effective solutions.",IT Helpdesk,2026-08-04
Kỹ Thuật Viên Tại Quận 7,Phong Vũ Computer,"Thành phố Hồ Chí Minh, SG, VN",indeed,https://vn.indeed.com/viewjob?jk=6d8218686bc6096c,"**Mô tả công việc:**


(Mức lương: 8 \- 12 triệu VNĐ)**1\.****Cài đặt, lắp ráp, kiểm tra các trang thiết bị ICT**


* Thực hiện công việc cài đặt và lắp ráp máy PC cho khách hàng.


* Cài đặt phần mềm cho máy PC, laptop, máy in.


* Tư vấn về kỹ thuật cho KH về cách sử dụng.


* Tư vấn, nâng cấp laptop cho khách hàng.


**2\.****Tiếp nhận bảo hành**


* Xác nhận lỗi phần cứng của sản phẩm, gửi bảo hành linh kiện cho khách.


* Lắp đặt và kiểm tra lại các sản phẩm sau khi được bảo hành về từ đại lý.


* Sử dụng phần mềm bảo hành để thực hiện các nghiệp vụ trong quy trình công việc.


* Thông báo đầy đủ thông tin cho khách hàng về quá trình bảo hành.


**3\.****Hỗ trợ công tác khác tại cửa hàng**


* Hỗ trợ sale tư vấn kỹ thuật.


* Hỗ trợ kho kiểm tra trang thiết bị nhập kho.


* Xử lý các lỗi phát sinh tại cửa hàng như điện, mạng, camera.

**Chức vụ:** Nhân Viên/Chuyên Viên

**Hình thức làm việc:** Toàn thời gian, Xoay ca

**Quyền lợi được hưởng:**

* Thu nhập hấp dẫn : Lương Cơ bản \+ Phụ Cấp Cơm Trưa \+ Thưởng CSKH \+ Thưởng KPI hàng tháng.
* Lương tháng 13\.
* BHXH, BHYT, BHTN đầy đủ theo quy định.
* Khám sức khỏe định kỳ và Team building hằng năm.
* Môi trường làm việc chuyên nghiệp, hòa đồng, vui vẻ, được đào tạo bài bản trong quá trình làm việc.
* Lộ trình thăng tiến rõ ràng cho từng vị trí, có cơ hội học hỏi chuyên sâu hơn về các thiết bị ICT.

**Yêu cầu bằng cấp (tối thiểu):** Trung cấp \- Nghề

**Yêu cầu công việc:**

* Tốt nghiệp Trung cấp trở lên chuyên ngành CNTT, Điện \- Điện tử, ..
* Có kiến thức về Phần cứng PC/ Laptop, Thiết bị văn phòng, hệ thống mạng, phần mềm.
* Tối thiểu 6 tháng kinh nghiệm về lắp đặt phần cứng, cài đặt phần mềm, xử lý lỗi kỹ thuật, giải quyết vấn đề, khảo sát và thi công lắp đặt.
* Trung thực, chủ động, nhiệt tình, chịu áp lực, kiên trì.
* Chấp nhận xoay ca 8h\-17h30; 12h\-21h30; 1 ngày OFF/tuần

**Yêu cầu giới tính:** Nam/Nữ

**Ngành nghề:** Công Nghệ Thông Tin,IT Phần Cứng,IT Support,Kỹ Thuật Sản Xuất \- Bảo Trì,Phần Cứng Máy Tính/Điện Thoại,Sản Xuất/Lắp Ráp/Chế Biến,Vận Hành \- Bảo Trì \- Sửa Chữa,Vận Hành IT \- IT Helpdesk,Vận Hành Máy \- Lắp Ráp \- Chế Biến,Điện/Điện Tử/Năng Lượng


  

Trung cấp \- Nghề
  

1 \- 2 năm",IT Helpdesk,2026-08-04
Kỹ Thuật Viễn Thông Làm Việc Tại Hồ Chí Minh,CÔNG TY CỔ PHẦN VIỄN THÔNG DCNET,"Thành phố Hồ Chí Minh, SG, VN",indeed,https://vn.indeed.com/viewjob?jk=690cc66a331a0ce1,"**Mô tả công việc:**


(Mức lương: 8 \- 11 triệu VNĐ)* Kiểm tra, sửa chữa, khắc phục sự cố đường truyền internet ADSL, FTTH, ILL.
* Thực hiện Onsite lắp đặt, triển khai, xử lý sự cố các dịch vụ trong phạm vi hạ tầng của công ty.
* Cài đặt các dịch vụ khác (Truyền hình, thiết bị wifi...) do công ty cung cấp.
* Triển khai và bảo trì thuê bao FTTH, Camera,...
* Kiểm tra, sửa chữa tín hiệu đường dây cáp quang FTTH (Bao gồm các sự cố liên quan đến tuyến cáp thuê bao và thiết bị sử dụng internet trong nhà khách hàng).
* Hỗ trợ kỹ thuật trực tiếp cho khách hàng.

**Chức vụ:** Nhân Viên/Chuyên Viên

**Hình thức làm việc:** Toàn thời gian

**Quyền lợi được hưởng:**

* Mức lương: Từ 8 triệu đến 11 triệu.
* Môi trường làm việc thân thiện, chuyên nghiệp.
* Cơ hội đào tạo, phát triển và thăng tiến.
* Các chế độ theo Luật lao động hiện hành và các phúc lợi theo quy định của Công ty.
* Trang phục lịch sự, nghiêm túc (Công ty cấp áo đồng phục).
* Thời gian làm việc theo giờ hành chính, từ thứ 2 đến thứ 7\.
* Đánh giá tăng lương hằng năm theo năng lực làm việc.
* Hỗ trợ chi phí di chuyển khi công tác ngoài (10 lít xăng/ tháng).
* Địa điểm làm việc \- Hồ Chí Minh: 137 Lê Quang Định, Phường 14, Bình Thạnh.

**Yêu cầu bằng cấp (tối thiểu):** Trung cấp

**Yêu cầu công việc:**

* Nam: tuổi từ 24 đến 35\.
* Tốt nghiệp Trung cấp trở lên chuyên ngành Điện tử viễn thông, Công nghệ thông tin hoặc các chuyên ngành liên quan.
* Ứng viên có kinh nghiệm sửa chữa, lắp đặt hạ tầng viễn thông, Internet, điện lực, truyền hình cáp... là một lợi thế. Ưu tiên ứng viên có chứng chỉ CCNA.
* Linh hoạt và chủ động trong công việc, có mong muốn được làm việc và học hỏi.

**Yêu cầu giới tính:** Nam

**Ngành nghề:** Kỹ Thuật Ứng Dụng \- Hiện Trường,Triển Khai \- Vận Hành Mạng,Vận Hành IT \- IT Helpdesk


  

Trung cấp
  

1 \- 2 năm",IT Helpdesk,2026-08-03
Kỹ Sư Phần Mềm (MES/ERP) - 2 Năm Kinh Nghiệm - Quận 7 (TP.HCM),CÔNG TY CỔ PHẦN KẾT NỐI NHÂN LỰC WORKLINK VIỆT NAM,"Thành phố Hồ Chí Minh, SG, VN",indeed,https://vn.indeed.com/viewjob?jk=8614da4a5ed8cf87,"**Mô tả công việc:**


(Mức lương: 14 \- 18 triệu VNĐ)* Công ty sản xuất 100% vốn nước ngoài.
* Địa điểm làm việc: Khu chế xuất Tân Thuận, Quận 7 \- TPHCM.
* Mô tả:
* Triển khai, vận hành và bảo trì hệ thống MES.
* Tham gia phát triển, hỗ trợ vận hành và bảo trì hệ thống TipTop.
* Thực hiện chuyển đổi, nâng cấp và tích hợp các hệ thống hiện có được phát triển bằng Delphi.
* Tham gia các dự án xây dựng Smart Factory và Chuyển đổi số (Digital Transformation).

**Chức vụ:** Nhân Viên/Chuyên Viên

**Hình thức làm việc:** Toàn thời gian

**Quyền lợi được hưởng:**

* Lương: 14 \- 18 triệu gross \+ Phụ cấp \+ Tăng ca/đi ca.
* Phụ cấp:
* Chuyên cần: 400\.000/tháng.
* Giao thông \+ điểm tâm: 26\.500/ngày.
* Được hỗ trợ chi phí xăng xe, điểm tâm, chuyên cần.
* Được đóng bảo hiểm full lương hàng tháng, mua bảo hiểm 24/7\.
* Khám sức khỏe định kỳ hằng năm.
* Được tham gia các khóa đào tạo chuyên môn, nâng cao năng lực và kỹ năng.
* Môi trường làm việc luôn có cơ hội thăng tiến, cải thiện bản thân.
* Làm việc hành chính: 07:30 \- 16:00 Thứ 2 \- Thứ 7, nghỉ 2 thứ 7/tháng.

**Yêu cầu bằng cấp (tối thiểu):** Cao Đẳng

**Yêu cầu công việc:**

* Nam, từ 25 tuổi, tốt nghiệp Đại học các chuyên ngành: Công nghệ thông tin, Khoa học máy tính, Hệ thống thông tin,...
* Có từ 2 năm kinh nghiệm trong phát triển các hệ thống phần mềm doanh nghiệp như ERP, MES, Shop Floor hoặc các hệ thống tương tự.
* Ưu tiên ứng viên có kiến thức về MES, ERP, cơ sở dữ liệu (SQL), Delphi/.NET/Java/C\#, hoặc có kinh nghiệm làm việc trong môi trường sản xuất.

**Yêu cầu giới tính:** Nam/Nữ

**Ngành nghề:** Hạ Tầng \- Mạng,Phần Cứng \- Lập Trình Nhúng,Vận Hành IT \- IT Helpdesk


  

Cao Đẳng
  

2 \- 3 năm",IT Helpdesk,2026-08-03
IT System,Công ty cố phần kỹ thuật công nghệ tự động Hải Nam,"Thành phố Hồ Chí Minh, SG, VN",indeed,https://vn.indeed.com/viewjob?jk=0cac920fb85b2446,"**Mô tả công việc:**


(Mức lương: 10 \- 15 triệu VNĐ)* Quản trị hệ thống máy tính, hỗ trợ thành viên công ty hoạt động hiệu quả.
* Quản trị website thông tin công ty.
* Thiết lập hệ thống mạng nội bộ cho công ty.
* Quản lý Server, hệ thống mạng, Server, Data center.
* Xử lý các sự cố về mạng.
* Quản lý các thiết bị công nghệ thông tin và công nghệ của công ty.
* Lên kế hoạch bảo trì, nâng cấp hệ thống, thiết bị định kỳ.
* Đề xuất các phương án bảo trì, nâng cấp hệ thống, thay đổi dịch vụ theo yêu cầu phát triển của công ty.
* Hỗ trợ Hành chính quản lý, bảo trì, thay thế tài sản thiết bị văn phòng.
* Thực hiện một số công việc theo yêu cầu Trưởng phòng và Ban Giám đốc.

**Chức vụ:** Nhân Viên/Chuyên Viên

**Hình thức làm việc:** Toàn thời gian

**Quyền lợi được hưởng:**

* Được hưởng chế độ BHYT, BHXH, BHTN theo quy định
* 12 ngày nghỉ phép có lương
* Được review 2 lần trong năm
* Môi trường làm việc hòa đồng, thân thiện
* Hỗ trợ ăn sáng, cơm trưa

**Yêu cầu bằng cấp (tối thiểu):** Đại Học

**Yêu cầu công việc:**

* Tối thiểu 2 năm kinh nghiệm làm việc tại vị trí tương đương
* Chịu được áp lực cao trong công việc
* Vui vẻ, hòa đồng

**Yêu cầu giới tính:** Nam

**Ngành nghề:** Vận Hành IT \- IT Helpdesk


  

Đại Học
  

2 \- 3 năm",IT Helpdesk,2026-08-03
Chuyên viên Sản phẩm Vận hành (Ops Tech),CÔNG TY CỔ PHẦN REAL STAKE FINTECH,"Thành phố Hồ Chí Minh, SG, VN",indeed,https://vn.indeed.com/viewjob?jk=adf3b0f3a608b828,"**Mô tả công việc:**


(Mức lương: Thỏa thuận)* Thu thập yêu cầu, viết PRD chi tiết và duy trì product backlog.
* Phối hợp với đội kỹ thuật để làm rõ logic nghiệp vụ và yêu cầu kỹ thuật.
* Phân rã công việc, sắp xếp mức độ ưu tiên và theo dõi tiến độ bàn giao.
* Theo dõi tiến độ dự án và tháo gỡ vướng mắc do kỹ sư nêu trong quá trình phát triển.
* Tham gia kiểm thử tính năng và chuẩn bị tài liệu hướng dẫn người dùng.
* Giám sát hiệu năng công cụ sau khi ra mắt và xử lý sự cố khi cần.
* Ghi nhận lỗi và yêu cầu thay đổi vào backlog.
* Với các tính năng nhỏ, tự xây dựng và bảo trì công cụ nội bộ.
* Hỗ trợ xây dựng kho dữ liệu (ví dụ AWS Redshift) và pipeline ETL từ cơ sở dữ liệu production.
* Giám sát pipeline dữ liệu và kiểm tra tính đúng đắn của dữ liệu.
* Xây dựng dashboard và báo cáo bằng SQL và Metabase.
* Theo dõi việc sử dụng dữ liệu và đề xuất cải tiến.
* Chủ động sử dụng công cụ AI, nền tảng low\-code/no\-code (ví dụ Retool) và tự động hóa quy trình (ví dụ n8n) — thực hành chủ động, không chỉ là biết đến.
* Đề xuất và triển khai giải pháp tự động hóa cho xử lý dữ liệu, phân khúc khách hàng và phân tích kinh doanh.
* Thu thập phản hồi người dùng để liên tục cải thiện công cụ và quy trình.

**Chức vụ:** Nhân Viên/Chuyên Viên

**Hình thức làm việc:** Toàn thời gian

**Quyền lợi được hưởng:**

* Lương cạnh tranh, thỏa thuận theo kinh nghiệm và mặt bằng thị trường.
* Lương tháng 13 và thưởng hiệu suất cuối năm.
* Đánh giá tăng lương hằng năm.
* Chương trình sở hữu cổ phần cho nhân viên (ESOP).
* Gói Bảo hiểm Sức khỏe cao cấp (lên đến 500\.000\.000 VND/năm).
* 18 ngày phép có lương mỗi năm.
* Môi trường chú trọng công nghệ — khuyến khích ứng dụng AI trong công việc hằng ngày.
* Company trip, team building, tiệc cuối năm và các sự kiện nội bộ.

**Yêu cầu bằng cấp (tối thiểu):** Đại Học

**Yêu cầu công việc:**


Yêu cầu bắt buộc

* 2–4 năm kinh nghiệm kỹ thuật với vai trò lập trình viên trong phát triển sản phẩm.
* 1–2 năm kinh nghiệm phân tích nghiệp vụ hoặc product owner (BA/PO).
* Thành thạo ít nhất một ngôn ngữ lập trình (Python hoặc NodeJS).
* Thành thạo SQL (ưu tiên PostgreSQL).
* Kỹ năng đọc/viết tiếng Anh tốt; giao tiếp nói cơ bản.
* Có khả năng viết tài liệu kỹ thuật, sơ đồ và quy trình rõ ràng.
* Có thói quen sử dụng công cụ AI trong công việc hằng ngày một cách chủ động — không chỉ biết mà thực sự thực hành.

Lợi thế thêm điểm

* Học nhanh, kiên trì và chú ý đến chi tiết.
* Có kinh nghiệm với hệ sinh thái AWS, Retool hoặc Make.com.
* Có kinh nghiệm với phần mềm kế toán/ERP: Odoo, Misa.
* Hiểu biết về vòng đời phát triển phần mềm (SDLC).
* Từng làm việc tại startup, đặc biệt trong lĩnh vực Fintech hoặc SaaS.
* Có kinh nghiệm làm việc với tập dữ liệu lớn hoặc kho dữ liệu (ví dụ Redshift, BigQuery).
**Yêu cầu giới tính:** Nam/Nữ

**Ngành nghề:** DevOps \- Cloud,Fintech,Phân Tích Nghiệp Vụ (BA),Vận Hành IT \- IT Helpdesk


  

Đại Học
  

2 \- 3 năm",IT Helpdesk,2026-07-31
Trưởng bộ phận/Trưởng phòng Dịch vụ và Giải pháp IT,Công Ty Cổ Phần Thương Mại Dịch Vụ Phong Vũ,"Thành phố Hồ Chí Minh, SG, VN",indeed,https://vn.indeed.com/viewjob?jk=74f5446b817cf329,"**Mô tả công việc:**


(Mức lương: Thỏa thuận)* **Quản lý Vận hành Đội ngũ IT Helpdesk \& Hỗ trợ Online**
* Điều phối và giám sát hoạt động hàng ngày của Đội ngũ IT Helpdesk và Bộ phận Hỗ trợ Kỹ thuật Online; đảm bảo nhân sự được phân bổ tối ưu để xử lý yêu cầu của khách hàng.
* Thiết lập, theo dõi và cải thiện các chỉ số cam kết chất lượng dịch vụ (SLA), tỷ lệ giải quyết ca ngay từ lần gọi đầu tiên (First Contact Resolution), tình trạng pending và mức độ hài lòng của khách hàng.
* Xây dựng, cập nhật và chuẩn hóa hệ thống tài liệu hướng dẫn kỹ thuật, kịch bản hỗ trợ online và quy trình phối hợp nội bộ xử lý sự cố.
* **Phát triển Giải pháp \& Dịch vụ IT (Phần cứng \& Phần mềm)**
* Đóng vai trò đầu mối phối hợp với các đối tác để cung cấp, triển khai các dịch vụ License về Email doanh nghiệp, Domain/Website, Office và các giải pháp quản trị thiết bị doanh nghiệp, ERP...
* Tổ chức nghiên cứu, thiết kế, khảo sát, thi công và lắp đặt trọn gói hệ thống thiết bị IT, thiết bị văn phòng, hệ thống IoT.
* Xây dựng và đóng gói các sản phẩm dịch vụ cộng thêm định kỳ bao gồm: Dịch vụ IT Helpdesk thuê ngoài, dịch vụ Admin quản trị hệ thống, dịch vụ quản lý/bảo trì thiết bị của tổ chức, doanh nghiệp.
* **Giám sát, Thúc đẩy Doanh thu và Cải tiến**
* Theo dõi, phân tích dữ liệu doanh thu, sản lượng và hiệu quả theo từng nhóm dịch vụ/giải pháp IT để kịp thời đề xuất các phương án thúc đẩy bán hàng.
* Phối hợp chặt chẽ với các phòng ban liên quan (Kinh doanh B2B, Marketing, hệ thống Showroom) để thiết kế các gói combo sản phẩm \+ dịch vụ, triển khai chương trình thúc đẩy kinh doanh.
* **Quản lý \& Đào tạo Nhân sự**
* Xây dựng lộ trình đào tạo chuyên môn công nghệ, cập nhật kiến thức về các giải pháp phần mềm mới và kỹ năng giải quyết vấn đề cho đội ngũ kỹ thuật.
* Đánh giá hiệu suất làm việc định kỳ của nhân viên dưới quyền, tạo động lực và xây dựng đội ngũ kế thừa chất lượng.

**Chức vụ:** Trưởng Nhóm/Trưởng Phòng

**Hình thức làm việc:** Toàn thời gian

**Quyền lợi được hưởng:**

* Thu nhập hấp dẫn: Lương cứng \+ Phụ cấp \+ Thưởng KPIs
* Lương tháng 13 \& Đánh giá hiệu quả công việc hàng năm.
* Tham gia đầy đủ BHXH, BHYT, BHTN, bảo hiểm chăm sóc sức khỏe cá nhân.
* Khám sức khỏe định kỳ và du lịch hàng năm.
* Nhiều hoạt động phong trào xuyên suốt các dịp Lễ, Tết trong năm.
* Môi trường làm việc cởi mở, chuyên nghiệp, năng động.

**Yêu cầu bằng cấp (tối thiểu):** Đại Học

**Yêu cầu công việc:**

* Tốt nghiệp Cao đẳng/Đại học chuyên ngành Công nghệ thông tin, Hệ thống thông tin quản lý, Điện tử viễn thông, Quản trị Kinh doanh hoặc các ngành liên quan.
* Ưu tiên ứng viên có các chứng chỉ về quản lý dịch vụ CNTT (ITIL), chứng chỉ quản trị hệ sinh thái Cloud (Microsoft/Google) hoặc mạng hệ thống.
* Cấp bậc Trưởng bộ phận: Tối thiểu 3–5 năm kinh nghiệm trong lĩnh vực dịch vụ kỹ thuật CNTT, IT Helpdesk hoặc vận hành TTDV; có tối thiểu 2 năm kinh nghiệm quản lý đội nhóm hoặc vận hành đa điểm.
* Cấp bậc Trưởng phòng: Tối thiểu trên 5 năm kinh nghiệm tương đương tại các công ty tích hợp hệ thống (SI), chuỗi bán lẻ ICT lớn hoặc doanh nghiệp cung cấp giải pháp Managed Services; có kinh nghiệm quản lý cấp Trưởng phòng từ 2 năm trở lên.
* Kỹ năng quản lý đội nhóm, điều phối công việc và quản trị hiệu suất dựa trên số liệu (KPI/SLA).
* Kỹ năng phân tích dữ liệu vận hành, tư vấn giải pháp và xử lý escalation/khiếu nại phức.
* Kỹ năng lập kế hoạch, triển khai dự án, thiết kế và giám sát thi công hạ tầng IT/IoT.
* Kỹ năng giao tiếp, đào tạo nhân sự và phối hợp hiệu quả liên phòng ban.
* Có khả năng chịu áp lực cao và tinh thần trách nhiệm vượt trội.

**Yêu cầu giới tính:** Nam/Nữ

**Ngành nghề:** Dịch Vụ Khách Hàng,Hạ Tầng \- Mạng,Phần Cứng \- Lập Trình Nhúng,Phát Triển Kinh Doanh,Vận Hành IT \- IT Helpdesk


  

Đại Học
  

3 \- 4 năm",IT Helpdesk,2026-07-30
Network Engineer - Kỹ Sư Mạng - Tiếng Anh Giao Tiếp Tốt - KCN Chuyên Sâu Phú Mỹ 3 - QM,CÔNG TY CỔ PHẦN KẾT NỐI NHÂN LỰC WORKLINK VIỆT NAM,"Vũng Tàu, SG, VN",indeed,https://vn.indeed.com/viewjob?jk=290ebe00b5260868,"**Mô tả công việc:**


(Mức lương: 11 \- 13 triệu VNĐ)* Liên lạc, liên kết với các đối tác (nhà mạng trên toàn cầu) để xử lý sự cố mạng cho khách hàng.
* Phụ trách việc khảo sát, thiết lập, kiểm tra và bảo trì đường truyền mạng của khách hàng.
* Phụ trách kế hoạch kiểm tra L1/L2/L3 IP, tunnel, QOS và đáp ứng các tiêu chuẩn của hệ thống mạng KDDI.
* Hỗ trợ kỹ thuật cho bộ phận Điều hành mạng và vận hành dịch vụ Cloud.


Giám sát tình trạng, chất lượng đường truyền mạng của khách hàng trên phạm vi toàn cầu.

**Chức vụ:** Nhân Viên/Chuyên Viên

**Hình thức làm việc:** Toàn thời gian

**Quyền lợi được hưởng:**

* Mức lương: Từ 11 \- 13 triệu Gross.
* Thời gian làm việc: Xoay ca, bao gồm 03 ca (8 giờ/ 1 ca \~ 40 giờ/ 1 tuần).


Ca sáng: 06:00 \- 14:00


Ca trưa: 14:00 \- 22:00


Ca đêm: 22:00 \- 06:00


Tham gia đầy đủ các chế độ theo Luật Lao động Việt Nam.

* Môi trường làm việc chuyên nghiệp, ổn định, định hướng phát triển lâu dài.


Có cơ hội phát triển lên vị trí phụ trách kinh doanh và trong tương lai có thể trở thành ứng viên quản lý.

**Yêu cầu bằng cấp (tối thiểu):** Chứng chỉ chuyên ngành

**Yêu cầu công việc:**

* Độ tuổi từ 21 đến 26\.
* Chuyên ngành Công nghệ thông tin, Mạng máy tính, Điện tử viễn thông,...
* Sinh viên năm cuối (Có thể làm việc toàn thời gian); mới tốt nghiệp, kinh nghiệm dưới 1 năm có thể ứng tuyển.
* Tiếng Anh giao tiếp tốt trở lên.
* Thái độ làm việc tích cực, sẵn sàng học hỏi và có trách nhiệm với công việc.
* Làm việc xoay ca, có thể làm vào ngày lễ (bắt đầu sau 2 tháng thử việc).


Ưu tiên ứng viên có thể tự túc đến Văn phòng Phú Mỹ, hoặc sống tại khu vực này cho tiện việc đi lại.

**Yêu cầu giới tính:** Nam/Nữ

**Ngành nghề:** Hạ Tầng \- Mạng,Kỹ Thuật Sản Xuất \- Bảo Trì,Vận Hành IT \- IT Helpdesk


  

Chứng chỉ chuyên ngành
  

Không yêu cầu",IT Helpdesk,2026-07-30
IT staff (Vung Tau) - 27307,Công Ty TNHH Reeracoen Việt Nam,"Vũng Tàu, SG, VN",indeed,https://vn.indeed.com/viewjob?jk=075605c085be6651,"**Mô tả công việc:**


(Mức lương: 15 \- 20 triệu VNĐ)* Working as IT Infrastructure to control \& support IT systems in Office and Manufacturing: server, network, Camera…
* Administer, maintain \& support systems with environment:
* OS: window server 2019, Window10, 11,
* Tool: AD, DNS, DHCP, Web
* GoogleWorkspace Application
* Hardware: Server, PC, Laptop, Handheld, Scanner, Printer, Firewall, Router, Switch, Access point, VPN Meraki, Wifi Controller
* Network: LAN, SD\-WAN, Wifi
* Maintain the indoor application supporting for Factory operation
* Propose IT annual budget plan for necessary maintenance
* Support business on ERP system operation (SAP)
* Training \& support users about IT relevant
* Other related job according to business requirement

**Chức vụ:** Nhân Viên/Chuyên Viên

**Hình thức làm việc:** Toàn thời gian

**Quyền lợi được hưởng:**

* Review salary: 1 time/ year
* Social insurance
* Healthcare insurance: Tokio Marine
* Bonus:


\+ Fixed bonus: 2 times (New Year and Lunar New Year, 0\.5 month of basic salary for each time)  

\+ Performance bonus: 2 times \- before Lunar New Year \+ 02/09 (Depend on individual KPI and company businesss status, maximum 0\.8 months of basic salary for each time)  

\+ Profit bonus: In Jul, depend on company business status (maximum 1\.81 month of basic salary)  

* Free lunch at canteen


\- Company car to pick up employee from Ho Chi Minh to Ba Rịa\- Vung Tau  

* Company housing for employees who is living more than 50 km from company to home.
* Company trip
* Year End Party
* Gifts for official holidays.
* Summer holiday: 1 week

**Yêu cầu bằng cấp (tối thiểu):** Đại Học

**Yêu cầu công việc:**


{MUST}  

* Graduated University in IT or related subject
* English: At least Intermediate level


\- Having at least 4\-5\-years experience working in IT job  

* Having experience in SAP
* Having experience in Virtualize Servers or Google Cloud Platform is an advantage
* Enthusiastic and eager to learn
**Yêu cầu giới tính:** Nam/Nữ

**Ngành nghề:** Vận Hành IT \- IT Helpdesk


  

Đại Học
  

4 \- 5 năm",IT Helpdesk,2026-07-30
Nhân Viên IT Support,Trường Đại học CMC,"Thành phố Hồ Chí Minh, SG, VN",indeed,https://vn.indeed.com/viewjob?jk=5adf8b44c4303f68,"**Mô tả công việc:**


(Mức lương: Thỏa thuận)* Hỗ trợ kỹ thuật:
	+ Tiếp nhận, xử lý và giải quyết các yêu cầu hỗ trợ kỹ thuật từ người dùng liên quan đến phần cứng, phần mềm, mạng và các thiết bị CNTT khác;
	+ Hỗ trợ cài đặt, cấu hình và khắc phục sự cố máy tính, máy in, máy chiếu và các thiết bị ngoại vi khác;
	+ Hướng dẫn giảng viên và sinh viên sử dụng các phần mềm học tập, công cụ hội nghị trực tuyến (Zoom, Microsoft Teams, v.v.) và các dịch vụ CNTT khác;
* Quản lý hệ thống:
	+ Theo dõi và bảo trì cơ sở hạ tầng CNTT của trường, bao gồm máy chủ, mạng Wi\-Fi, và các hệ thống học trực tuyến, các hệ thống quản trị nội bộ;
	+ Đảm bảo hệ thống email, phần mềm quản lý học tập (IU, LMS) và các ứng dụng nội bộ hoạt động trơn tru;
* Báo cáo và ghi nhận:
	+ Ghi nhận các sự cố CNTT và báo cáo cho quản lý để theo dõi và cải thiện hệ thống;
	+ Đề xuất các giải pháp nâng cấp hoặc cải tiến khi phát hiện vấn đề trong quá trình hỗ trợ;
* Phối hợp triển khai các công việc của Nhà trường theo phân công của Trưởng bộ phận.

**Chức vụ:** Nhân Viên/Chuyên Viên

**Hình thức làm việc:** Toàn thời gian

**Quyền lợi được hưởng:**

* Mức thu nhập cạnh tranh (theo năng lực và hiệu quả công việc);
* Gói thu nhập năm hấp dẫn theo cơ chế tập đoàn CMC;
* Xét điều chỉnh thu nhập định kỳ hàng năm theo kết quả làm việc;
* Nhận gói đãi ngộ lên tới 25\.000\.000đ/năm cho các dịp Lễ, Tết Dương lịch, Tết Âm lịch, sinh nhật Tập đoàn, 02/09, 08/03, 20/10, 20/11, hiếu hỉ, chăm sóc \& theo dõi sức khỏe hàng năm,...;
* Các chế độ dành cho người lao động theo như quy định pháp luật hiện hành (BHXH, BHYT, BHTN...);
* Hưởng gói BHSK CMC Care dành riêng cho CBNV, Giảng viên của Trường;
* Được đầu tư đào tạo \& phát triển năng lực lâu dài: Cơ hội tham gia các chương trình đào tạo nội bộ, khóa học có chứng chỉ, workshop, tọa đàm chuyên môn,... của Trường và Tập đoàn nhằm nâng cao nghiệp vụ và phát triển năng lực;
* Cơ hội tiếp cận, thử nghiệm và ứng dụng các công cụ AI trong hoạt động học thuật, quản trị và vận hành của Trường;
* Tham gia các hoạt động phát triển văn hóa, hoạt động ngoại khóa: văn nghệ, thể thao, du lịch, hoạt động chăm sóc sức khỏe thể chất \& tinh thần, chương trình gắn kết nội bộ của Trường và Tập đoàn;
* Làm việc trong môi trường Đại học định hướng Công nghệ – Trí tuệ nhân tạo (AI), được tiếp cận hạ tầng số, nền tảng công nghệ và các sáng kiến AI trong hệ sinh thái của Trường và Tập đoàn;
* Cơ hội giao lưu, trao đổi trong hệ sinh thái của Tập đoàn Công nghệ CMC, các Công ty thành viên và mạng lưới đối tác của Trường;
* Thời gian làm việc: Thứ 2 \- Thứ 6 (8h \- 17h), nghỉ phép 17 ngày/năm và 1 ngày nghỉ có hưởng lương trong tháng sinh nhật.

**Yêu cầu bằng cấp (tối thiểu):** Trung cấp \- Nghề

**Yêu cầu công việc:**

* Bằng cấp:
	+ Tốt nghiệp Đại học chuyên ngành Công nghệ Thông tin, Mạng máy tính và Truyền thông, Kỹ thuật máy tính hoặc các lĩnh vực liên quan;
	+ Ưu tiên có chứng chỉ CompTIA A\+, Network\+, ITIL Foundation, Microsoft Certified, Cisco CCNA hoặc các chứng chỉ tương đương.
* Kinh nghiệm:
	+ Có tối thiểu từ 01 năm kinh nghiệm trong lĩnh vực IT Support, Helpdesk, System Support hoặc IT Administrator, ưu tiên có kinh nghiệm làm việc tại doanh nghiệp hoặc cơ sở giáo dục có quy mô trên 300 người dùng.
	+ Hiểu biết cơ bản về hệ điều hành (Windows, macOS, Linux), mạng LAN/WAN, và các giao thức cơ bản (TCP/IP, DNS, DHCP), các thiết bị mạng (Router, Switch, AP...) và các thiết bị đầu cuối (Camera, máy tính, máy in...);
* Kỹ năng:
	+ Kỹ năng giao tiếp tốt, kiên nhẫn và có khả năng làm việc với nhiều đối tượng người dùng (giảng viên, sinh viên, nhân viên);
	+ Có khả năng làm việc nhóm và xử lý tình huống dưới áp lực.

**Yêu cầu giới tính:** Nam/Nữ

**Ngành nghề:** Dịch Vụ Khách Hàng,Hạ Tầng \- Mạng,Phần Cứng \- Lập Trình Nhúng,Vận Hành IT \- IT Helpdesk


  

Trung cấp \- Nghề
  

Không yêu cầu",IT Helpdesk,2026-07-30
Nhân Viên IT Support,Công Ty Cổ Phần Đầu Tư Đại Học CMC,"Thành phố Hồ Chí Minh, SG, VN",indeed,https://vn.indeed.com/viewjob?jk=40b8a83a95386f1c,"**Mô tả công việc:**


(Mức lương: Thỏa thuận)* Hỗ trợ kỹ thuật:
	+ Tiếp nhận, xử lý và giải quyết các yêu cầu hỗ trợ kỹ thuật từ người dùng liên quan đến phần cứng, phần mềm, mạng và các thiết bị CNTT khác;
	+ Hỗ trợ cài đặt, cấu hình và khắc phục sự cố máy tính, máy in, máy chiếu và các thiết bị ngoại vi khác;
	+ Hướng dẫn giảng viên và sinh viên sử dụng các phần mềm học tập, công cụ hội nghị trực tuyến (Zoom, Microsoft Teams, v.v.) và các dịch vụ CNTT khác;
* Quản lý hệ thống:
	+ Theo dõi và bảo trì cơ sở hạ tầng CNTT của trường, bao gồm máy chủ, mạng Wi\-Fi, và các hệ thống học trực tuyến, các hệ thống quản trị nội bộ;
	+ Đảm bảo hệ thống email, phần mềm quản lý học tập (IU, LMS) và các ứng dụng nội bộ hoạt động trơn tru;
* Báo cáo và ghi nhận:
	+ Ghi nhận các sự cố CNTT và báo cáo cho quản lý để theo dõi và cải thiện hệ thống;
	+ Đề xuất các giải pháp nâng cấp hoặc cải tiến khi phát hiện vấn đề trong quá trình hỗ trợ;
* Phối hợp triển khai các công việc của Nhà trường theo phân công của Trưởng bộ phận.

**Chức vụ:** Nhân Viên/Chuyên Viên

**Hình thức làm việc:** Toàn thời gian

**Quyền lợi được hưởng:**

* Mức thu nhập cạnh tranh (theo năng lực và hiệu quả công việc);
* Gói thu nhập năm hấp dẫn theo cơ chế tập đoàn CMC;
* Xét điều chỉnh thu nhập định kỳ hàng năm theo kết quả làm việc;
* Nhận gói đãi ngộ lên tới 25\.000\.000đ/năm cho các dịp Lễ, Tết Dương lịch, Tết Âm lịch, sinh nhật Tập đoàn, 02/09, 08/03, 20/10, 20/11, hiếu hỉ, chăm sóc \& theo dõi sức khỏe hàng năm,...;
* Các chế độ dành cho người lao động theo như quy định pháp luật hiện hành (BHXH, BHYT, BHTN...);
* Hưởng gói BHSK CMC Care dành riêng cho CBNV, Giảng viên của Trường;
* Được đầu tư đào tạo \& phát triển năng lực lâu dài: Cơ hội tham gia các chương trình đào tạo nội bộ, khóa học có chứng chỉ, workshop, tọa đàm chuyên môn,... của Trường và Tập đoàn nhằm nâng cao nghiệp vụ và phát triển năng lực;
* Cơ hội tiếp cận, thử nghiệm và ứng dụng các công cụ AI trong hoạt động học thuật, quản trị và vận hành của Trường;
* Tham gia các hoạt động phát triển văn hóa, hoạt động ngoại khóa: văn nghệ, thể thao, du lịch, hoạt động chăm sóc sức khỏe thể chất \& tinh thần, chương trình gắn kết nội bộ của Trường và Tập đoàn;
* Làm việc trong môi trường Đại học định hướng Công nghệ – Trí tuệ nhân tạo (AI), được tiếp cận hạ tầng số, nền tảng công nghệ và các sáng kiến AI trong hệ sinh thái của Trường và Tập đoàn;
* Cơ hội giao lưu, trao đổi trong hệ sinh thái của Tập đoàn Công nghệ CMC, các Công ty thành viên và mạng lưới đối tác của Trường;
* Thời gian làm việc: Thứ 2 \- Thứ 6 (8h \- 17h), nghỉ phép 17 ngày/năm và 1 ngày nghỉ có hưởng lương trong tháng sinh nhật.

**Yêu cầu bằng cấp (tối thiểu):** Trung cấp \- Nghề

**Yêu cầu công việc:**

* Bằng cấp:
	+ Tốt nghiệp Đại học chuyên ngành Công nghệ Thông tin, Mạng máy tính và Truyền thông, Kỹ thuật máy tính hoặc các lĩnh vực liên quan;
	+ Ưu tiên có chứng chỉ CompTIA A\+, Network\+, ITIL Foundation, Microsoft Certified, Cisco CCNA hoặc các chứng chỉ tương đương.
* Kinh nghiệm:
	+ Có tối thiểu từ 01 năm kinh nghiệm trong lĩnh vực IT Support, Helpdesk, System Support hoặc IT Administrator, ưu tiên có kinh nghiệm làm việc tại doanh nghiệp hoặc cơ sở giáo dục có quy mô trên 300 người dùng.
	+ Hiểu biết cơ bản về hệ điều hành (Windows, macOS, Linux), mạng LAN/WAN, và các giao thức cơ bản (TCP/IP, DNS, DHCP), các thiết bị mạng (Router, Switch, AP...) và các thiết bị đầu cuối (Camera, máy tính, máy in...);
* Kỹ năng:
	+ Kỹ năng giao tiếp tốt, kiên nhẫn và có khả năng làm việc với nhiều đối tượng người dùng (giảng viên, sinh viên, nhân viên);
	+ Có khả năng làm việc nhóm và xử lý tình huống dưới áp lực.

**Yêu cầu giới tính:** Nam/Nữ

**Ngành nghề:** Dịch Vụ Khách Hàng,Hạ Tầng \- Mạng,Phần Cứng \- Lập Trình Nhúng,Vận Hành IT \- IT Helpdesk


  

Trung cấp \- Nghề
  

Không yêu cầu",IT Helpdesk,2026-07-30
IT Helpdesk Intern (Ho Chi Minh City),DHL,"Thành phố Hồ Chí Minh, SG, VN",indeed,https://vn.indeed.com/viewjob?jk=de8a603978ac3134,"**Main Responsibilities:**  

* Maintain the IT incidents and request queue in IT Service Management (ITSM) system (ServiceNow)
* Perform desktop support (both hardware and authorized software) tasks as required
* Set up personal computers/ laptops (both hardware and authorized software) as required
* Support IT Dept to contact with service providers to maintenance IT equipments
* Escalate complex problems to IT Manager if any
 **Requirements:*** COMPULSORY: Final\-year student (NOT fresh graduated and still be student for at least 4 months) who can work full\-time from Monday to Friday for 6 months, 1\-2 off\-sessions per week for study is acceptable. Candidates who can work 5 days per week for 6 months are preferable
* Background with Information Technology is preferable
* Good attitude, hard\-working, willing to learn
* Good at English skills (both speaking \& writing)
 **Notice:** We kindly request that candidates submit their CVs (résumé) in English as part of the application process. **Working Location:** DHL Global Forwarding (Vietnam) Corporation \- Head Office \- 8th Floor, eTown5 Building, 364 Cong Hoa Street, Tan Binh District, Ho Chi Minh City, Vietnam  

 \#LI\-APAC \#DHL \#DGF \#DHLGlobalForwarding \#DHLGlobalForwardingVietnam",IT Helpdesk,2026-07-30
Nhân Viên Vận Hành Tổng Kho (Warehouse Operation Executive) - Mảng Công Nghệ Quản Lý Kho & Logistics,Công ty Cổ phần Tập đoàn Hoa Sen,"Thành phố Hồ Chí Minh, SG, VN",indeed,https://vn.indeed.com/viewjob?jk=5796bcf140c4c904,"**Mô tả công việc:**


(Mức lương: Thỏa thuận)* Quản lý và hỗ trợ cho các hoạt động vận hành Logistics \& hệ thống CNTT.
* Kiểm tra, đánh giá hệ thống, lên ý tưởng cải tiến.
* Tham gia các dự án phát triển hệ thống công nghệ trong quản lý và vận hành Tổng kho.
* Theo dõi các chỉ số quản lý liên quan đến thực hiện thao tác với hệ thống của các nhân sự Tổng kho.
* Báo cáo tình trạng và tiến độ vận hành hệ thống cho các cấp quản lý.
* Hỗ trợ các công việc khác (liên quan chuyên môn) theo chỉ định của quản lý.

**Chức vụ:** Nhân Viên/Chuyên Viên

**Hình thức làm việc:** Toàn thời gian

**Quyền lợi được hưởng:**

* Thu nhập hấp dẫn theo năng lực.
* Được tham gia đầy đủ các chế độ BHXH, BHYT, BHTN 24/24 và Bảo hiểm cho người thân.
* Khám sức khỏe định kì hằng năm.
* Phụ cấp đồng phục hằng năm.
* Phụ cấp khác theo quy định của Luật Lao động và Tập đoàn.
* Lộ trình đào tạo rõ ràng và cơ hội thăng tiến cao.
* Môi trường làm việc năng động, thân thiện và chuyên nghiệp.

**Yêu cầu bằng cấp (tối thiểu):** Đại Học

**Yêu cầu công việc:**

* Tốt nghiệp Đại học các chuyên ngành như Logistics \& Quản lý chuỗi cung ứng, Kỹ thuật hệ thống công nghiệp, Quản lý công nghiệp, Công nghệ thông tin,....
* Tối thiểu 1 năm kinh nghiệm làm việc ở lĩnh vực Warehouse/Cung ứng/Logistics,....
* (Ưu tiên) Có kinh nghiệm làm việc với các hệ thống quản lý chuỗi cung ứng chuyên nghiệp.
* (Ưu tiên) Có kinh nghiệm chạy các project liên quan đến xây dựng giải pháp Logistics \& Chuỗi cung ứng/Vận hành Kho,....
* Biết sử dụng Power BI, các công cụ quản lý dữ liệu SQL, xử lý dữ liệu Python, Java,... \- là một lợi thế lớn.
* Biết sử dụng ERP (Oracle/SAP), WMS và TMS là một lợi thế lớn.
* Ngoại ngữ: Tiếng Anh cơ bản, Tiếng Trung (ưu tiên).
* Thành thạo tin học văn phòng.

**Yêu cầu giới tính:** Nam

**Ngành nghề:** Hoạch Định Chuỗi Cung Ứng,Quản Lý Kho,Vận Hành IT \- IT Helpdesk


  

Đại Học
  

1 \- 2 năm",IT Helpdesk,2026-07-29
Nhân Viên Kỹ Thuật,Phúc Khang Mobile,"Thu Đuc, Vietnam",linkedin,https://www.linkedin.com/jobs/view/4447359435,,IT Helpdesk,2026-08-05
IT Operation Specialist (HCMC),Trusting Social,"Ho Chi Minh City, Ho Chi Minh City, Vietnam",linkedin,https://www.linkedin.com/jobs/view/4448954011,,IT Helpdesk,2026-08-04
End User Technology Specialist,RMIT University Vietnam,"Ho Chi Minh City, Ho Chi Minh City, Vietnam",linkedin,https://www.linkedin.com/jobs/view/4437687443,,IT Helpdesk,2026-08-04
Support Analyst,"New Ocean IS Co., Ltd.",,linkedin,https://www.linkedin.com/jobs/view/4449089680,,IT Helpdesk,2026-08-04
Netsuite ERP Administrator,Safetrust Inc.,"Ho Chi Minh City, Vietnam",linkedin,https://www.linkedin.com/jobs/view/4446601344,,IT Helpdesk,2026-08-04
IT Support Engineer-Vietnam Office,Hytech,"Ho Chi Minh City, Vietnam",linkedin,https://www.linkedin.com/jobs/view/4447676773,,IT Helpdesk,2026-08-03
"Specialist, System Infra",Shinhan Securities Vietnam,"Ho Chi Minh City, Vietnam",linkedin,https://www.linkedin.com/jobs/view/4447904267,,IT Helpdesk,2026-08-03
IT System Support,Couple Group JSC,"Ho Chi Minh City, Ho Chi Minh City, Vietnam",linkedin,https://www.linkedin.com/jobs/view/4447629165,,IT Helpdesk,2026-08-02
IT Support Engineer (APAC),Neumann Kaffee Gruppe (NKG),"Ho Chi Minh City, Ho Chi Minh City, Vietnam",linkedin,https://www.linkedin.com/jobs/view/4435954994,,IT Helpdesk,2026-07-31
IT Analyst (Help Desk Engineer),Renesas Electronics,"Ho Chi Minh City, Ho Chi Minh City, Vietnam",linkedin,https://www.linkedin.com/jobs/view/4430429839,,IT Helpdesk,2026-07-31
Fitment Support Officer (Automotive),Cartrack,"Ho Chi Minh City, Vietnam",linkedin,https://www.linkedin.com/jobs/view/4447139075,,IT Helpdesk,2026-07-31
IT Support Executive,Beiersdorf,,linkedin,https://www.linkedin.com/jobs/view/4446024863,,IT Helpdesk,2026-07-29
Junior End User Onsite Support,DXC Technology Vietnam,"Ho Chi Minh City, Vietnam",linkedin,https://www.linkedin.com/jobs/view/4436481088,,IT Helpdesk,2026-07-29
Technology Service Officer,The Grand Ho Tram,,linkedin,https://www.linkedin.com/jobs/view/4446856964,,IT Helpdesk,2026-07-29
Windows Server Administrator,Customized Energy Solutions,"Ho Chi Minh City, Ho Chi Minh City, Vietnam",linkedin,https://www.linkedin.com/jobs/view/4446824365,,IT Helpdesk,2026-07-29
IT Manager (Manufacturing Operations),Zotefoams,"Long Thành, Dong Nai, Vietnam",linkedin,https://www.linkedin.com/jobs/view/4446405462,,IT Helpdesk,2026-07-29
IT Supervisor,Marriott International,"Ho Chi Minh City, Ho Chi Minh City, Vietnam",linkedin,https://www.linkedin.com/jobs/view/4437783442,,IT Helpdesk,2026-07-28
CFIT Helpdesk Executive,DHL Express,"Ho Chi Minh City, Ho Chi Minh City, Vietnam",linkedin,https://www.linkedin.com/jobs/view/4443103649,,IT Helpdesk,2026-07-28
Thanh Giang tuyển dụng: NHÂN VIÊN KỸ THUẬT IT PHẦN CỨNG,Du học Nhật Bản Thanh Giang,"Gò Công, Vietnam",linkedin,https://www.linkedin.com/jobs/view/4446158861,,IT Helpdesk,2026-07-28
Application Support Specialist (Field Operations),Cartrack,,linkedin,https://www.linkedin.com/jobs/view/4445437918,,IT Helpdesk,2026-07-28
Server and Storage Engineer,UOB,"Ho Chi Minh City, Vietnam",linkedin,https://www.linkedin.com/jobs/view/4286663969,,IT Helpdesk,2026-07-28
Data Support Engineer,Home Credit Vietnam,"Ho Chi Minh City, Vietnam",linkedin,https://www.linkedin.com/jobs/view/4445101954,,IT Helpdesk,2026-07-27
Onsite infrastructure support,DXC Technology Vietnam,"Ho Chi Minh City, Vietnam",linkedin,https://www.linkedin.com/jobs/view/4387664973,,IT Helpdesk,2026-07-27
IT Helpdesk,OptiSigns Inc.,"Ho Chi Minh City, Vietnam",linkedin,https://www.linkedin.com/jobs/view/4444906164,,IT Helpdesk,2026-07-24
JOB DESCRIPTIONS FOR IT LEADER,PVS Solution,,linkedin,https://www.linkedin.com/jobs/view/4441592360,,IT Helpdesk,2026-07-24
IT Application Admin II,Jabil,"District 9, Ho Chi Minh City, Vietnam",linkedin,https://www.linkedin.com/jobs/view/4443866491,,IT Helpdesk,2026-07-24
IT Specialist - Pharma company,Dconnect,"Ho Chi Minh City, Vietnam",linkedin,https://www.linkedin.com/jobs/view/4449350809,,IT Helpdesk,
IT Corp Lead,BE GROUP,"Ho Chi Minh City, Vietnam",linkedin,https://www.linkedin.com/jobs/view/4450208471,,IT Helpdesk,
IT Lead/Manager,iTechwx,"Ho Chi Minh City, Vietnam",linkedin,https://www.linkedin.com/jobs/view/4447131236,,IT Helpdesk,
Manufacturing Engineer Cobra,PUMA,"Thành phố Hồ Chí Minh, SG, VN",indeed,https://vn.indeed.com/viewjob?jk=ca32b580b9fe74c9,"SPEED \& SPIRIT is what we look for in our candidates, defined by some simple values that inspire us to BE DRIVEN in our performance, BE VIBRANT in our sporting legacy, BE TOGETHER in our team spirit, and BE YOU to let our individual talent and experience shine. Applying for a job at PUMA is easy. Simply click APPLY ONLINE and follow the steps to upload your application.


  
**Your mission**
----------------


* Utilize knowledge of product design, materials and parts, fabrication processes, tooling and production equipment capabilities, surface finishing, assembly methods, and quality control standards to create, develop, validate, implement, control, monitor, and improve manufacturing methods of Cobra designed golf heads and components
* Report to the Sr. ME, he/she will support in development and quality assurance related activities at Cobra’s manufacturing facilities in Vietnam – both T1 head supplier(s) and related T2 and T3 supporting factories. This responsibility begins with the initial product tooling and sampling, and continues into mass production, until product EOL. From “cradle to grave”
* As the focal point for technical communication in Vietnam, support activities at to develop innovative, robust and sustainable manufacturing processes to support product design and development efforts; especially in the creation of processes related to new designs. Help the US Design team to understand very quickly if a new concept has potential for success *(in the spirit of ‘failing fast’ \- this includes the ability to say “no” to a concept)*
* Facilitate, develop and implement methods and procedures for testing and evaluating products and processes for acceptability. Use data to validate conclusion
* Support all mass production readiness activities. Conduct process validation on FA/SA samples, PFMEA, PCP creation, pilot run oversight, process capability/capacity/lead time review, STD and limit sample set\-up, initial process audit, leading to on\-time full production release. Support all engineering change related activities
* During both the development and mass production stages, assist in resolving complex technical problems by using statistical methods to determine root cause of failures and to recommend changes in designs, tolerances, and/or processes
* Monitor and improve supplier quality performance. Perform regular process audits and monitor quality control plans to ensure acceptable quality levels are being satisfied. Lead ongoing investigations in ways to improve yields, efficiency and reduce process\-related costs (continuous improvement)
* Assist the supply chain/sourcing team in price negotiations by collecting relevant production data to help calculate and better understand costs
* Support in identifying and qualifying new T1 vendors / T2 suppliers as needed. Help build upon COBRA’s internal engineering knowledge base, specifically as it applies to key process related items that will aid design engineers in improving their ability to design for manufacturability, aid in specification development, and eliminate design loopbacks
* Continue to learn, and remain current within the area of expertise (process/design/quality assurance), not only relative to the market, but in relation to known published advances in the pertinent specific body of knowledge. Read current literature, talk with colleagues, participate in educational programs, attend meetings, attend workshops, or participate in professional organizations or conferences to keep abreast of developments in the manufacturing field
**Your talent**
---------------


* Bachelor’s degree in engineering (or equivalent manufacturing experience), plus 3\+ years in Process Development Engineering or Quality Assurance within manufacturing (golf industry preferred)
* Working knowledge of golf\-related manufacturing processes (casting, forging, composites, welding, painting, plating, coating, metallurgy, tool design, etc.)
* Familiarity with Asia\-based manufacturing technologies/suppliers, COBRA product lines, and the game of golf
* Superior creative ability with strong, open\-ended technical problem\-solving skills to integrate technologies across manufacturing sectors
* Proven ability to work independently to develop, implement, and execute operational programs and process integrations for finished products
* Skilled in collecting, analyzing, and interpreting data to drive conclusions, with working knowledge of Lean / Six Sigma tools (Green/Black Belt certification a plus)
* Proficient in MS Office (Excel, PowerPoint, Power BI) and general data analysis; familiarity with CAD (viewing/measuring required, design a bonus) and Minitab is a plus
* Fluent in Vietnamese with strong written and spoken English; Mandarin Chinese is a bonus
* Ability to travel locally and within Asia (primarily Vietnam) to visit supplier facilities
* Exceptional understanding of test methods, experimental principles, and quality assurance practices in a high\-volume manufacturing environment
**Our principles**
------------------


PUMA provides equal opportunities for all job applicants, regardless of race, color, religion, national origin, sex, gender identity or expression, sexual orientation, age, or disability. Equality for all is one of the core principles at PUMA and we do not tolerate any form of harassment or discrimination.


At PUMA, every application is reviewed by real people who are committed to fairness, transparency, and equal opportunity \- no matter your background, identity, or experience. To ensure our process stays true to these values, no automated systems or AI tools are used to make hiring decisions. Every decision is made by real people \-with real judgment and accountability. We may use functions supported by Artificial Intelligence (AI) to carry out isolated organizational steps, such as scheduling interviews. These functions have no influence on decisions in the application process. We believe in creating spaces where everyone is welcome, celebrated, and empowered to contribute authentically. Because at PUMA, whoever wants to play, can play.


PUMA is a global sports brand creating footwear, apparel, and accessories that inspire athletes and everyday movers. The PUMA Group owns PUMA, Cobra Golf, and stichd, operates in 120\+ countries, and has around 22,000 employees worldwide.",IT Support,2026-08-06
Administration Executive,Công ty TNHH Alchemy Asia,"Thành phố Hồ Chí Minh, SG, VN",indeed,https://vn.indeed.com/viewjob?jk=33c6c60b54d8f57d,"**Mô tả công việc:**


(Mức lương: Thỏa thuận)* **Reception \& Front Office**
* Answer and transfer incoming telephone calls professionally in both English and Vietnamese.
* Welcome visitors, customers and business partners in a professional, friendly and courteous manner.
* Ensure the reception area, meeting rooms and common areas are clean, tidy and presentable at all times.
* Ensure continuous reception coverage during office operating hours (08:00 AM – 06:00 PM), including lunch breaks.
* Coordinate cleaning services to maintain office cleanliness and workplace hygiene standards.
* Handle general office enquiries and provide administrative assistance to internal departments when required.
* **Office Administration**
* Handle daily administrative requests, enquiries and correspondence in a timely and professional manner.
* Prepare payment requests and supporting documents, coordinate with suppliers and the Finance team, and maintain accurate payment records.
* Manage administrative contracts, monitor contract expiry dates, coordinate renewals and maintain proper contract documentation.
* Source vendors, obtain quotations, prepare price comparisons and coordinate the procurement of office supplies and administrative services.
* Manage office utilities, including electricity, water, internet, telephone and other facility related services.
* Purchase and maintain office supplies, stationery, pantry items, drinking water, packaging materials, sales support materials and other office consumables.
* Coordinate with IT, printer vendors and maintenance service providers to ensure office equipment, facilities and air\-conditioning systems are properly maintained.
* Manage incoming and outgoing mail, courier services, meeting room reservations, office access cards, office keys and motorbike parking arrangements.
* Coordinate office decoration, flowers and workplace arrangements as required.
* Maintain office assets and coordinate periodic inventory of administrative assets and supplies.
* Coordinate administrative arrangements for new employees, including name cards, welcome gifts and onboarding logistics.
* Coordinate office relocation, renovation and workplace improvement projects as assigned.
* Maintain proper filing and documentation of all administrative records and contracts.
* Perform any other duties assigned by the Group HR Manager or the Board of Directors.

**Chức vụ:** Nhân Viên/Chuyên Viên

**Hình thức làm việc:** Toàn thời gian

**Quyền lợi được hưởng:**

* **1\. Salary \& Allowances:**
* Competitive income with 100% salary and allowances on probation
* Gift on special occasion
* Annual Leave: will be 12 working days per calendar year, pro\-rata for the 1st year of employment.
* Statutory insurance contributions (social, health, and unemployment) are based on full salary.
* Be provided with high performance laptop and working facilities.
* **2\. Career Growth**
* Opportunity to work alongside young, world\-class talents in a dynamic and passionate environment
* Very diverse offline and online seminars \& workshop provided by company
* Clear and flexible career path
* **3\. Working Environment**
* A strong learning culture where initiative and proactivity are highly encouraged at Alchemy Group
* Team building, company trip and internal events

**Yêu cầu bằng cấp (tối thiểu):** Đại Học

**Yêu cầu công việc:**

* Bachelor's Degree or College Diploma in Business Administration, English or a related discipline.
* Minimum 2–3 years of experience in Administration, Office Management or a related field.
* Experience in office administration, vendor coordination and facilities management is preferred.
* Proficient in Microsoft Office applications (Word, Excel, PowerPoint and Outlook).
* Good command of spoken and written English.
* Strong organizational, coordination and time management skills.
* Service\-oriented with excellent communication and interpersonal skills.
* Able to work independently, manage multiple priorities and pay close attention to detail.
* Positive attitude, proactive mindset and willingness to take ownership of responsibilities.

**Yêu cầu giới tính:** Nữ

**Ngành nghề:** Hành Chính Tổng Hợp,Lễ Tân


  

Đại Học
  

2 \- 3 năm",IT Support,2026-08-06
Pre-Sales Engineer,NAKIVO,"Thành phố Hồ Chí Minh, SG, VN",indeed,https://vn.indeed.com/viewjob?jk=f6a04d05ade5e469,"**Mô tả công việc:**


(Mức lương: Thỏa thuận)* Engage daily with prospective customers and partners to understand technical environments, business needs, and use cases.
* Present and demonstrate NAKIVO Backup \& Replication solutions, highlighting key strengths such as ransomware protection, disaster recovery, and cost efficiency.
* Lead technical discovery, deployment sessions, and proof\-of\-concept (PoC) engagements to validate solutions and drive adoption.
* Design and propose tailored technical solutions based on customer requirements, ensuring alignment with both technical and business objectives.
* Provide deep technical expertise, including answering advanced product questions, explaining architecture, and offering practical workarounds.
* Support the sales team in positioning technical value and differentiators against competing backup and disaster recovery vendors.
* Handle technical inquiries across multiple channels (calls, demos, email), delivering accurate and timely responses.
* Deliver technical training and enablement to value\-added resellers (VARs), ensuring effective product positioning and deployment.
* Build and maintain strong relationships with customers, partners, and internal stakeholders.
* Deliver webinars, live demonstrations, and technical presentations to both small and large audiences.
* Participate in industry events and partner activities to support product awareness and growth.
* Collaborate cross\-functionally with Product Management to share customer feedback and influence product improvements.
* Work closely with Support teams to resolve technical challenges during the pre\-sales cycle.
* Maintain up\-to\-date knowledge of industry trends, competitors, and data protection technologies.

**Chức vụ:** Nhân Viên/Chuyên Viên

**Hình thức làm việc:** Toàn thời gian

**Quyền lợi được hưởng:**

* KPI Bonus: Up\-to 300$ per month
* Healthcare plan
* Up to 18 annual leaves and 5 sick leave per year
* Lương thỏa thuận theo năng lực và kinh nghiệm.
* Thưởng hiệu suất và thưởng theo kết quả kinh doanh.
* Thưởng tháng 13 và thưởng lễ, Tết.
* Xét tăng lương định kỳ.
* Được tham gia đầy đủ bảo hiểm xã hội, bảo hiểm y tế, bảo hiểm thất nghiệp theo quy định.
* Bảo hiểm sức khỏe bổ sung.
* Khám sức khỏe định kỳ hằng năm.
* Phụ cấp ăn trưa và phụ cấp đi lại.
* Hỗ trợ thiết bị làm việc.
* Môi trường làm việc chuyên nghiệp và thân thiện.
* Được đào tạo nội bộ và đào tạo nâng cao chuyên môn.
* Cơ hội thăng tiến rõ ràng.
* Tham gia các hoạt động team building và du lịch công ty.
* Nghỉ phép năm theo quy định và thêm ngày nghỉ theo thâm niên.
* Thời gian làm việc linh hoạt (nếu áp dụng).
* Hỗ trợ chi phí học tập và chứng chỉ chuyên môn.
* Quà tặng sinh nhật và các dịp đặc biệt.
* Chính sách phúc lợi cho nhân viên gắn bó lâu dài.

**Yêu cầu bằng cấp (tối thiểu):** Trung cấp \- Nghề

**Yêu cầu công việc:**

* Fluent English with good written and verbal communication skills.
* 5\+ years of experience in a pre\-sales, sales engineering, or solutions engineering role within the software or IT industry.
* Strong technical background in IT infrastructure and/or data center technologies, including virtualization, storage, networking, and systems administration.
* Experience with virtualization platforms such as VMware vSphere, Microsoft Hyper\-V, Nutanix AHV, and Proxmox VE.
* Solid understanding of backup, disaster recovery, and data protection concepts and technologies.
* Familiarity with cloud platforms and workloads, including AWS, Microsoft Azure, and hybrid/cloud\-native environments.
* Knowledge of SaaS backup scenarios (e.g., Microsoft 365\) and modern data protection requirements.
* Experience with storage technologies (NAS, SAN, object storage) and server administration across Linux and/or Windows environments.
* Understanding of physical, virtual, cloud, and hybrid infrastructures, including their integration within backup and recovery strategies.
* Basic networking knowledge (TCP/IP, firewalls, routing) relevant to backup and replication operations.

**Yêu cầu giới tính:** Nam/Nữ

**Ngành nghề:** Bán Hàng Kỹ Thuật,Phát Triển Kinh Doanh,Sales Công Nghệ Thông Tin


  

Trung cấp \- Nghề
  

Không yêu cầu",IT Support,2026-08-06
Senior Technical Engineer (DevOps/SRE),HSC,"Thành phố Hồ Chí Minh, SG, VN",indeed,https://vn.indeed.com/viewjob?jk=0d5ddcf18eb7433a,"**Top 3 reasons to join us**
----------------------------


* Positive work environment, support \& determination
* Very attractive salary \& benefits
* Development opportunities \& improve a quality life
**Job description**
-------------------


**Primary Objectives*** Monitor the operation of the trading application system to ensure the utility and warranty of the service in a 24/7/365 working environment. Research, identify, and assess security vulnerabilities, while also identifying, evaluating, and mitigating security risks.
* Support users on trading platforms and work with collection of custom applications and systems operating on different OS.

**Main Responsibilities*** Operate, monitor, and diagnose Online Trading / Core Trading system and DR site.
* Research, design, develop and implement solutions for fault, performance, capacity, and configuration management for applications. Will work in conjunction with Infrastructure teams to identify combined, centralized solutions
* Designs, develops and implements documentation or tools appropriate to the maintenance of application platforms
* Develops, improves, modifies, and assesses security architecture in a hosting\-based environment
* Responds to all system security weak points and partners with other teams and third\-party vendors to resolve security issues
* Provide Tier 2 support to issues escalated from Service Desk team. Interface with development teams to resolve Tier 3 'in code' issues. On\-call support for escalated off\-hours issues
* Execution and maintenance of internal SLAs developed with business stakeholders following ITIL framework


**Your skills and experience**
------------------------------


**1\. Educational level*** Bachelor’s (or above) degree in the field of computer science or information systems

**2\. Professional Experience*** Minimum 5 years in a technical role involving applications operation and management, preferably in a 24\-7\-365 production environment
* MCSE, LPIC\-3 is preferred
* Must have solid working experience and knowledge of Windows and Unix/Linux operating systems. Should be familiar with HA, CFS configurations, security and patch management
* Strong grasp of Internet network concepts, protocols, and associated services (TCP/IP, HTTP, FTP, SCP, DNS)
* Experience in designing secure network architectures, virtualization technologies, identity and access management principles, application security, and encryption technologies
* Installation, configuration, and administration experience with operations management tools: IIS, Tomcat, RecordTS and VMware performance tools
* Experience administering/maintaining multi\-tier application systems in a production environment

**3\. Professional Competencies/Knowledge*** Trading Process Knowledge: Trading Process Knowledge is a comprehensive understanding of the entire trade lifecycle. This includes order entry (the different order types), execution (how the trade is filled on the market), clearing (confirming the details of the transaction), and settlement (the final transfer of securities and funds).
* Securities Product Knowledge: Securities Product Knowledge refers to specific expertise in various types of tradable financial assets (securities). This includes understanding the characteristics that differentiate equities, fixed\-income securities (bonds), derivatives (futures, options), and hybrid securities to advise clients and manage portfolios effectively.
* IT Software Release (Go\-live) Process Knowledge: IT Software Release (Go\-live) Process Knowledge is the understanding of the structured methodology for deploying new software or system updates into the live production environment. This knowledge is crucial for minimizing business disruption, managing technical risks, and ensuring a smooth transition for users.
* Software Testing Knowledge: Software Testing Knowledge is the understanding of the methods and processes used to verify that a software application is free of defects and meets all specified requirements. This includes functional, performance, security, and user acceptance testing (UAT) to ensure a high\-quality product is delivered.


**Why you'll love working here**
--------------------------------



Understanding candidates' expectations of the ideal workplace, we always put the people element at the top of our priorities.
**Primary benefits:*** Attractive KPI Bonus annual
* Review Salary and performance annual
* 16\+ Annual Leaves, 5 sick leaves, 1 day off birthday
* Full Social Insurance, Annual Medical Check\- up, Health insurance
* Team Building and company activities: Year\- end Party, New\-year Party, Company trip, Charity activities
* Learning workshops: e\-learning, English courses, career development training programs
* Sports clubs: gym, yoga, running, football, tennis, badminton",IT Support,2026-08-06
"Senior QA Engineer (QC, Automation, English)",Pizza Hut Digital & Technology,"Thành phố Hồ Chí Minh, SG, VN",indeed,https://vn.indeed.com/viewjob?jk=313b171403fb06ca,"**Top 3 reasons to join us**
----------------------------


* Flexible Friday afternoon
* 18 Annual Leave \+ 5 Recharge Days/ Year
* Hybrid working model
**Job description**
-------------------



Yum! Brands, Inc. is the world's largest restaurant company by system units, with over 56,000 restaurants in over 155 countries, home to iconic brands like KFC, Taco Bell, and The Habit Burger Grill. Our relentless pursuit of digital excellence is transforming the QSR industry.
Our proprietary ""Byte by Yum! Commerce Platform"" is the sophisticated e\-commerce engine driving this transformation. It encompasses all digital ordering channels – from our brand\-specific mobile apps and websites to in\-restaurant kiosks and emerging digital touchpoints. This platform is meticulously crafted to deliver seamless, personalized, and efficient ordering experiences for millions of customers globally.  

We are seeking an experienced Senior Quality Assurance Engineer II to own and drive the testing strategy and quality practices for the Byte by Yum! Commerce Platform. In this role, you will lead the testing discipline across globally distributed engineering teams and ensure our e\-commerce platform consistently delivers reliable, scalable, and high\-quality digital experiences to millions of customers worldwide.
As the Senior Quality Assurance Engineer, you will define and implement the overall quality and testing strategy, guide the automation approach, and establish engineering best practices across web and mobile platforms. You will partner closely with engineering, product, and DevOps teams to embed quality throughout the software development lifecycle and enable fast, confident releases in a high\-transaction environment.
This role requires deep technical expertise in modern testing frameworks, strong leadership in automation strategy, and experience operating within complex, large\-scale e\-commerce platforms. Experienced working with Maestro is a big plus. **Responsibilities:*** Define and drive the overall testing strategy and quality standards for the platform.
* Build and maintain scalable, maintainable automation frameworks across web and mobile applications
* Perform hands\-on manual and exploratory testing for new features, edge cases, and pre\-release sign\-off, particularly in scenarios where automation isn't practical or mature yet
* Establish best practices for functional, integration, end\-to\-end, and performance testing.
* Establish quality standards, testing guidelines, and best practices across engineering teams.
* Collaborate with engineering, product, and DevOps teams to embed quality into the CI/CD pipeline and development lifecycle.
* Oversee test planning, execution, and reporting to ensure high levels of release confidence and platform reliability.
* Continuously evaluate and improve testing tools, frameworks, and processes to support platform growth and scalability.
* Lead defect management processes, ensuring issues are properly prioritized, tracked, and resolved.


**Your skills and experience**
------------------------------


**Requirements:*** Bachelor's degree in computer science, or related technical field.
* 7\+ years of experience in software quality assurance, with at least 3 years in a senior test role supporting large\-scale e\-commerce or high\-volume consumer platforms.
* Proven experience leading testing strategies and quality initiatives in complex software platforms.
* Strong hands\-on experience with at least one of test automation frameworks (e.g., Maestro ,Playwright, Cypress, Selenium, Appium).
* Ability to collaborate effectively across engineering, product, and DevOps teams.
* Strong leadership, communication, and problem\-solving skills in fast\-paced, agile environments.
* Strong problem\-solving skills and a passion for delivering high\-quality software.
* Ability to collaborate effectively across distributed global teams.
* Strong spoken and written English for international collaboration.
* Adaptable and comfortable with change — able to adjust testing priorities, tools, and approach quickly as product direction, requirements, or tech stack evolve

 **Nice to Have:*** Experience with Maestro for mobile UI automation (preferred).
* Experience working with large\-scale, high\-transaction e\-commerce systems.
* ISTQB or other relevant QA certifications.
* Knowledge of performance or load testing tools.


**Why you'll love working here**
--------------------------------


**Attractive Benefits:*** 100% salary during probation period
* Annual Leave: 18 days/ year
* Five “Recharge Days” – Extra days, in addition to company holidays.
* Flexible Friday afternoon
* 2 days WFH/ week
* Full salary insurance
* 13th\-month bonus
* Gift \+ 1 day off for birthday
* Advanced health insurance (Generali)
* Regular engagement activities: sport clubs, internal event…
* Support Macbook and Monitor",IT Support,2026-08-06
"Software Developer (.NET, C#, C++)",Hansen Technologies,"Thành phố Hồ Chí Minh, SG, VN",indeed,https://vn.indeed.com/viewjob?jk=b0928db0aae89675,"**Top 3 reasons to join us**
----------------------------


* Global Company\- Develop Your Career \& English
* Competitive Salary, and company profit share
* Onsite opportunities
**Job description**
-------------------


**Who Are We**
Hansen Technologies is a leading global provider of software and services that enable organisations to transform customer experiences and streamline critical business processes. With a rich history of innovation and a footprint that spans over 80 countries, Hansen empowers utilities, energy, and communications companies to thrive in an ever\-evolving digital landscape. Our commitment to excellence, customer focus, and collaborative culture makes Hansen a place where passionate professionals can make a meaningful impact, drive real change, and help shape the future of industries worldwide.  

We are proud to be an equal opportunities employer. Hansen prides itself on celebrating diversity and is committed to creating an inclusive environment for all employees, even extending this to how we work with our customers, partners, and suppliers. We welcome applications from all qualified candidates, regardless of age, disability, gender identity or expression, marital status, race, ethnicity, religion or belief, sexual orientation, or any other protected characteristic. If you require any adjustments or accommodation during the recruitment process, please let us know. **Why This Role Matters** **Design. Build. Innovate. Deliver.**  

As a Software Developer within our MDM\-G team, you'll play a key role in designing and delivering innovative solutions that help customers operate more efficiently, respond to changing business needs, and create better experiences for their end users.  

This is an opportunity to tackle complex technical challenges and help shape products that support essential industries worldwide.  



**Your skills and experience**
------------------------------


**What You’ll Do*** Design, develop, test, and deploy software solutions across development and production environments.
* Collaborate with cross\-functional teams, including QA, Product Owners, DevOps, and customer\-facing teams, to deliver high\-quality solutions.
* Debug, enhance, and modify business workflows to meet evolving customer requirements.
* Participate in code reviews and promote best practices to ensure maintainable, high\-quality code.
* Create and maintain technical documentation for software features and implementations.
* Ensure application performance, scalability, and security throughout the development lifecycle.
* Troubleshoot production issues and implement solutions that minimise customer impact.
* Leverage AI and automation to support continuous improvement and process optimisation initiatives.

 **What You Bring*** 4\+ years of experience in software development, ideally within complex enterprise environments.
* Strong development experience with .NET, C\+\+, C\#, and relational databases.
* Solid understanding of object\-oriented programming, data structures, algorithms, and software design patterns.
* Experience with code reviews, version control systems, and software engineering best practices.
* Strong problem\-solving and analytical skills with a focus on delivering reliable, scalable solutions.
* Effective English communication skills and the ability to collaborate with global teams.

 **Nice to have*** Bachelor's degree in Computer Science, Software Engineering, Information Technology, or a related discipline.
* Experience working across the full software product lifecycle, from requirements gathering through deployment and support.
* Familiarity with Agile or Scrum delivery methodologies.
* A strong product mindset with a sense of ownership and accountability for outcomes.
* Ability to thrive in a collaborative, transparent, and fast\-paced environment.
* Experience working with distributed or multinational teams.
* Curiosity, adaptability, and a passion for learning new technologies.


**Why you'll love working here**
--------------------------------


* Competitive Market Rate Salary \- full salary (including SI contribution) during the probation period and 13th\-month salary
* Twice yearly salary review
* Full participation in the annual Hansen Profit Share Program
* Great Leave Options – including 12 days annual leave during Year 1, increasing to 15 days annual leave and 12 days paid sick leave per year).
* Premium healthcare for employee and dependents (spouse and {all} children and support for parents). Also, free comprehensive annual check\-up for employees.
* High\-speed Internet credit: VND 5,5million/year
* Wellness benefit: VND 2million annually for fitness package/devices
* Free lunch, snacks, and drink in our new modern offices, which have a cool open atmosphere with an outdoor cafe, bar, and recreation area in District 2 – including free scooter parking
* Continuous Learning and Development, including personalised Udemy Business – online learning platform.
* Reward and Recognition \- Company sponsored trips and events, tenure milestones and global recognition program.
* New, modern developer laptop, 2 large monitors, and headset.
* An international work environment, highly skilled colleagues to learn from both locally and globally where you can develop your IT career and English skills.",IT Support,2026-08-06
Java Developer (Insurance domain),Amaris Consulting,"Thành phố Hồ Chí Minh, SG, VN",indeed,https://vn.indeed.com/viewjob?jk=0de252067a8025ab,"**ABOUT THE JOB**


* Develop reliable, flexible, scalable, and secure software applications to support organizational capabilities.
* Identify, create, and apply software development and security standards and processes.
* Plan and design software components.
* Estimate time and effort required for software development.
* Construct, amend, and verify software components, ensuring security is embedded.
* Apply test\-driven development and ensure appropriate test coverage.
* Use peer review techniques such as pair programming.
* Document software components.
* Obtain agreement to the value of the software components to be developed.
* Select appropriate development methods and lifecycles.
* Apply recovery techniques to ensure the software being developed is not lost.
* Implement appropriate change control to software development practices.

**ABOUT YOU**


* Bachelor's Degree in IT, Software Engineer or related field.
* Experience with at least 4 years in software development, including significant use of the Spring Framework (Spring Boot, Spring Data, Spring Security).
* Proficiency in Java programming language.
* Experience with front\-end technologies such as HTML, CSS, JavaScript/TypeScript; familiarity with frameworks like Angular or ReactJS is a plus.
* Experience with test\-driven development and peer review techniques.
* Good communication in English is a plus.
* You demonstrate strong analytical and problem\-solving skills.
* **Preference for candidates who can join as soon as possible (ASAP) or 2\-3 weeks.**

**WHY AMARIS?**


* Competitive salary and 13th\-month salary.
* 14\+ annual leaves per year.
* Premium healthcare insurance, starting from your probation period.
* Project reviews and yearly performance appraisals.
* Annual company trip.
* Teambuilding activities: Team lunch/dinner, events, and celebrations, sports clubs (football, basketball, badminton, pickleball).
* International team with flexible working time.
* Tailor\-made career path.
* Technical workshops and training courses.
* Mobility: Opportunities to be on\-site abroad in our offices in over 60\+ countries.

***Equal Opportunity***


*Amaris Consulting is proud to be an equal opportunity workplace. We are committed to promote diversity within the workforce and creating an inclusive working environment. For this purpose, we welcome applications from all qualified candidates regardless of gender, sexual orientation, race, ethnicity, beliefs, age, marital status, disability, or other characteristics.*

  



*\#LI\-PC1*


**Who are we?**
---------------


**Amaris Consulting** is an independent technology consulting firm providing guidance and solutions to businesses. With more than 1000 clients across the globe, we have been rolling out solutions in major projects for over a decade – this is made possible by an international team of 7,600 people spread across 5 continents and more than 60 countries. Our solutions focus on four different Business Lines: Information System \& Digital, Telecom, Life Sciences and Engineering. We’re focused on building and nurturing a top talent community where all our team members can achieve their full potential. Amaris is your steppingstone to cross rivers of change, meet challenges and achieve all your projects with success.
  

  

At Amaris, we strive to provide our candidates with the best possible recruitment experience. We like to get to know our candidates, challenge them, and be able to give them proper feedback as quickly as possible. Here's what our recruitment process looks like:
  

  

**Brief Call**: Our process typically begins with a brief virtual/phone conversation to get to know you! The objective? Learn about you, understand your motivations, and make sure we have the right job for you!
  

  

**Interviews** (the average number of interviews is 3 \- the number may vary depending on the level of seniority required for the position). During the interviews, you will meet people from our team: your line manager of course, but also other people related to your future role. We will talk in depth about you, your experience, and skills, but also about the position and what will be expected of you. Of course, you will also get to know Amaris: our culture, our roots, our teams, and your career opportunities!
  

  

**Case study**: Depending on the position, we may ask you to take a test. This could be a role play, a technical assessment, a problem\-solving scenario, etc.
  

  

As you know, every person is different and so is every role in a company. That is why we have to adapt accordingly, and the process may differ slightly at times. However, please know that we always put ourselves in the candidate's shoes to ensure they have the best possible experience.
  

We look forward to meeting you!",IT Support,2026-08-06
CFC Operations Manager,Pfizer,"Thành phố Hồ Chí Minh, SG, VN",indeed,https://vn.indeed.com/viewjob?jk=ecf00079e9a21afa,"**ROLE SUMMARY**


The CFC Operations Manager plays a pivotal role in managing wholesaler relationships, supporting business operations, and ensuring effective customer engagement for assigned TA and/or products. This role is responsible for driving operational efficiency, aligning resource allocation with strategic plans, and maintaining compliance with company policies and regulations.

**ROLE RESPONSIBILITIES**

Management of Wholesaler Agreement

* Aligning with operating plan process, provide guidance and prioritize resource allocation to achieve given budget \& operating plan expectations
* Collaborate closely with wholesalers to align on demand forecasts, ensuring efficient supply planning from our side without influencing their internal forecasting processes


Business Operations

* Provide strategic input into business operations planning and actively shape the development and execution of business plans for relevant TAs/brands/products
* Deliver targeted administrative and operational support to CFC, with a focus on optimizing budget utilization, streamlining resource deployment, and enhancing operational efficiency to enable agile decision\-making and business impact


Timely update and feedback to CFC Lead any problems relating to assigned work/ update market information to the management.


Ensure all activities are in line with company strategy and in compliance with company policies and regulations.

**EDUCATION:**


Bachelor’s degree or University degree in any discipline

**EXPERIENCE:**

\>5 years of experience in Pharmaceutical Company / MNC

**SPECIFIC KNOWLEDGE \& SKILLS:**


Corporate policy and related local regulations; Proficiency in English (Written and Spoken), Interpersonal and Presentation skills; Time management skills, attention to detail, ability to manage files and records keeping, demonstrated ability to perform tasks under own initiative. Pharmaceutical or related field management experience; Good problem solving and analytical skills; Strong leadership; Good communication skills

**BUSINESS UNDERSTANDING:**


Understand pharmaceutical industry’s business standards and processes


 \-

**Important Notice for Applicants**  

At Pfizer, we value your privacy and security. Please note:

* All job applications must be submitted **only through our official channels**:
* Pfizer Careers Website: Careers \| Pfizer
* Verified LinkedIn page: https://www.linkedin.com/
* Verified local job board \- Pharma360: Công ty dược tuyển dụng dược sĩ đại học \- Việc làm dược sĩ Pharma360


We **never request payment, bank details, or confidential personal information** during the recruitment process.


If you receive suspicious messages or job offers outside these channels, please report them immediately to **\[ProtectPfizer@pfizer.com]**

Pfizer is an equal opportunity employer and complies with all applicable equal employment opportunity legislation in each jurisdiction in which it operates.


To learn more about acceptable and prohibited uses of AI during the recruitment process, please review our candidate AI\-use guidelines available on Pfizer Careers.


Sales Operations \& Admin",IT Support,2026-08-06
Medical Affairs Manager Field-based (Oncology) - Hanoi/HCM,GSK,"Thành phố Hồ Chí Minh, SG, VN",indeed,https://vn.indeed.com/viewjob?jk=1a88e4e755a33e0a,"**Location: Hanoi, Ho Chi Minh City.**  

**About the role:**

As a **MAM Field in Oncology** , you will be a field\-based scientific expert (around **60% of your time in the field** ) who connects GSK’s oncology science with healthcare professionals and organizations across Vietnam. You will help ensure the safe and effective use of GSK medicines, support evidence generation, and place patients’ needs at the centre of every scientific discussion.


**What you will do:**

Lead high\-quality, compliant and evidence\-based scientific engagement with Healthcare Professionals (HCPs), External Experts (EEs) and Healthcare Organizations (HCOs) to strengthen GSK’s scientific leadership and credibility in oncology.* 
Build, maintain and strategically manage relationships with key oncology stakeholders (including KOLs, investigators, multidisciplinary teams, healthcare institutions and scientific societies) in line with medical priorities and compliance requirements.* 
Generate, synthesize and translate high\-value medical and healthcare system insights into actionable recommendations that support medical strategy, evidence generation, launch readiness and long\-term portfolio planning.* 
Monitor and anticipate emerging trends in oncology (treatment paradigms, clinical practice, biomarker adoption, diagnostics, healthcare policies, reimbursement, patient access, competitive activities and unmet medical needs).* 
Act as a primary source of external oncology intelligence by proactively capturing field signals and environmental changes that may impact patient care, clinical practice, healthcare delivery, treatment adoption and access to innovative therapies.* 
Provide accurate, balanced and up\-to\-date scientific information on oncology diseases, GSK medicines, emerging clinical evidence and competitive scientific developments through scientific exchange and medical education.* 
Support evidence generation activities (clinical trials, investigator\-sponsored studies, real\-world evidence initiatives and scientific collaborations), identifying and engaging investigators, research sites and academic partners in line with GSK policies and local regulations.* 
Partner with external stakeholders to improve patient care pathways, strengthen multidisciplinary oncology care and advance evidence\-based clinical practice in oncology.* 
Contribute to disease\-area strategies, launch readiness plans and long\-term medical initiatives, and support the development of a strong, credible and future\-ready Oncology Medical organization through knowledge sharing, capability building and cross\-functional collaboration.* 
Prepare and deliver internal medical and product training (diseases, new or existing GSK or competitor products) to the Field Force and other appropriate internal audiences, while maintaining high standards of scientific integrity, compliance and pharmacovigilance.
* 

**What you bring:**

**Education**

Medical or Pharmacy university graduate.* 
Medical graduate with a relevant specialist post\-graduate degree is preferred.
* 

**Experience**

Good understanding of Vietnam medical practice.* 
Working experience in the pharmaceutical industry, preferably in Medical Affairs.
* 

**Skills and competencies**

Strong ability to influence and create impact with stakeholders.* 
Excellent interpersonal and networking skills.* 
Clear, confident communication skills, with strong presentation and training capability.* 
Proficiency in spoken and written English.* 
Strong analytical skills and ability to interpret complex scientific and environmental information.* 
High level of ethics, integrity and commitment.* 
Good proficiency in MS Office and computer skills.
* 

* Li\-GSK

  

**Skills**

Digital Fluency, Enterprise Thinking, External Stakeholder Management, High Impact Communication, Patient Impact  

**Why GSK?**

**Uniting science, technology and talent to get ahead of disease together.**

GSK is a global biopharma company with a purpose to unite science, technology and talent to get ahead of disease together. We aim to positively impact the health of 2\.5 billion people by the end of the decade, as a successful, growing company where people can thrive. We get ahead of disease by preventing and treating it with innovation in specialty medicines and vaccines. We focus on four therapeutic areas: respiratory, immunology and inflammation; oncology; HIV; and infectious diseases – to impact health at scale.  



People and patients around the world count on the medicines and vaccines we make, so we’re committed to creating an environment where our people can thrive and focus on what matters most. Our culture of being ambitious for patients, accountable for impact and doing the right thing is the foundation for how, together, we deliver for patients, shareholders and our people.


We are committed to creating an inclusive workplace and providing equal opportunities for all applicants. We embrace an agile working culture across our roles, so if flexibility is important to you please discuss opportunities with our hiring team. If you need any adjustments to the recruitment process to help you demonstrate your strengths and capabilities, contact APACRecruitment.Adjustments@gsk.com . Please note this email is for adjustment requests only; for other enquiries please use our standard contact channels.


**Important notice to Employment businesses/ Agencies**

GSK does not accept referrals from employment businesses and/or employment agencies in respect of the vacancies posted on this site. All employment businesses/agencies are required to contact GSK's commercial and general procurement/human resources department to obtain prior written authorization before referring any candidates to GSK. The obtaining of prior written authorization is a condition precedent to any agreement (verbal or written) between the employment business/ agency and GSK. In the absence of such written authorization being obtained any actions undertaken by the employment business/agency shall be deemed to have been performed without the consent or contractual agreement of GSK. GSK shall therefore not be liable for any fees arising from such actions or any fees arising from any referrals by employment businesses/agencies in respect of the vacancies posted on this site.",IT Support,2026-08-06
Senior Marketing Specialist (B2B ),Larion,"Thành phố Hồ Chí Minh, SG, VN",indeed,https://vn.indeed.com/viewjob?jk=811400e69755e99c,"Sales \& Marketing


Full Time


Ho Chi Minh

  

**LARION** is a global software outsourcing partner with nearly two decades of experience delivering high\-quality software development services to clients worldwide. We help businesses accelerate digital transformation through dedicated development teams, custom software development, AI solutions, and technology consulting.


**I. What You’ll Do**


As we continue expanding into global markets, we are looking for a **Senior Marketing Specialist** (**B2B )** who is passionate about business growth through strategic marketing initiatives, demand generation, and sales enablement.


**1\. Demand Generation \& Business Growth**


* Drive integrated B2B marketing campaigns across North America, APAC, and Europe to generate qualified leads and support business growth.
* Optimize inbound marketing programs to improve lead quality, conversion rates, ROI, and customer acquisition.
* Partner closely with Sales to accelerate pipeline growth through lead nurturing and account\-based marketing (ABM) initiatives.

**2\. Sales Enablement**


* Develop impactful sales enablement materials, including presentations, case studies, brochures, proposals, and other customer\-facing assets.
* Support strategic sales campaigns and strengthen collaboration between Marketing and Sales.

**3\. Brand, Content \& Digital Marketing**


* Create compelling B2B content across websites, blogs, whitepapers, newsletters, and customer success stories.
* Promote LARION’s expertise in AI, Software Engineering, Cloud, Data, and Digital Transformation through high\-quality marketing content.
* Plan and optimize digital marketing initiatives across SEO, Google Ads, LinkedIn, Email Marketing, Social Media, and Marketing Automation to increase brand awareness and lead generation.

**4\. Marketing Performance \& Innovation**


* Measure, analyze, and optimize marketing performance using analytics and marketing platforms.
* Conduct market research and competitor analysis to identify customer insights, industry trends, and new growth opportunities.
* Leverage AI\-powered tools to improve content creation, campaign effectiveness, marketing automation, and overall productivity.

**II. What We’re Looking For**


* Bachelor’s Degree in Marketing, Business Administration, Communications, or a related field.
* Minimum 5 years of experience in B2B Marketing.
* Experience in IT Outsourcing, Software Services, SaaS, or Technology companies is highly preferred.
* Strong expertise in demand generation, digital marketing, content marketing, sales enablement, brand marketing, and marketing analytics.
* Hands\-on experience with Google Analytics, Google Search Console, Google Ads, LinkedIn Marketing, SEMrush, Ahrefs, Google Tag Manager, and Looker Studio.
* Experience with CRM and Marketing Automation platforms such as HubSpot, Salesforce, Zoho CRM, or Mailchimp is a plus.
* Commercial mindset with strong analytical, stakeholder management, and project management skills.
* Data\-driven with the ability to translate insights into business impact.
* Excellent English communication and writing skills (equivalent to IELTS 6\.5\+).
* Comfortable working with international clients and cross\-functional teams.

**III. Why You’ll Love Working Here**


**1\. Workplace**


* Work with international clients across diverse industries while contributing to cutting\-edge software and AI transformation projects.
* Expand your expertise in B2B technology marketing, demand generation, AI\-powered marketing, and global business development.
* Join an organization embracing AI Transformation and continuous innovation to create meaningful business impact.

**2\. Benefits Comprise**


* Competitive compensation: 13th\-month salary and performance bonuses.
* Comprehensive healthcare coverage, including accident insurance.
* Generous allowances: lunch, marriage, newborn, bereavement, and more.
* Fully equipped pantry for a comfortable lunchtime experience.
* Diverse sports and social activities: Yoga, football, badminton, tech clubs, charity,
* etc.
* Annual company trip and team\-building events.
* Recognition awards: Quarterly, annual, individual, team, and long\-term service
* honors.
* Advanced English and soft skills training for career growth.
* Engaging monthly events: Happy gatherings, mini\-games, team birthday
* celebrations, year\-end party, and more.
* Exclusive company support funds for personal loans (home, vehicle, tuition, etc.).
* Full provision of working equipment and tools required for your role.

**V. Additional Information**


* **Location:** QTSC1 Building, Quang Trung Software City, Trung My Tay Ward, (District 12\), Ho Chi Minh City
* **Working Hours:** Monday to Friday: 08:30 AM – 06:00 PM (with a 1\.5\-hour lunch break).",IT Support,2026-08-06
Senior Cloud & AI Solution Engineer,Larion,"Thành phố Hồ Chí Minh, SG, VN",indeed,https://vn.indeed.com/viewjob?jk=6e1bd0a2e2cbbf2e,"Software Engineering, AI Engineering


Full Time


Ho Chi Minh

  

**LARION** is a global software outsourcing partner with nearly two decades of experience delivering high\-quality software development services to clients worldwide. We help businesses accelerate digital transformation through dedicated development teams, custom software development, AI solutions, and technology consulting.


**I. What You’ll Do**


* The Cloud \& AI Solution Engineer is the hands\-on builder of the Solution Consulting Department. The role is deep in cloud, platform and DevSecOps engineering and back\-end engineering, and turns the Solution Architect’s designs into working software: secure, scalable platforms and the AI\-powered solutions that run and demonstrate on them.
* The role is build\-led. It produces reusable, demo\-ready assets (prototypes and reference solutions) and supports presales demos, PoCs and internal enablement with stable, repeatable platforms. It does not lead customer\-facing presales or hold solution authority. Those stay with the Solution Architect, the Solution Consultant and S\&M.

**1\. Cloud, Platform \& DevSecOps**


* Build, deploy, and operate cloud\-native platforms and AI infrastructure across on\-premises, cloud, and hybrid environments (AWS and Azure).
* Containerize and automate with Docker, Kubernetes, CI/CD and Infrastructure as Code.
* Ensure observability, reliability, security and cost control; apply DevSecOps (secrets, IAM/RBAC, scanning, auditability)

**2\. Back\-end Engineering \& Integration**


* Build back\-end services and integrations: APIs, microservices and event\-driven design.
* Package solutions into reusable blueprints, reference architectures and demo\-ready assets

**3\. Data Engineering**


* Build data pipelines and stores, including vector and graph databases for RAG / GraphRAG and semantic search.
* Enforce data isolation and access control for AI workloads.

**4\. AI Solution Engineering**


* Build AI\-powered solutions as API\-first services: RAG / GraphRAG, agentic workflows (tool calling, memory), MCP and multi\-modal.
* Integrate and serve LLMs with attention to security, observability and cost.

**5\. Enablement \& Standards**


* Produce technical implementation documentation, deployment guides, operational runbooks, and handover documentation based on the approved solution architecture to ensure maintainability, knowledge transfer, and operational continuity
* Support presales demos, PoCs and internal enablement through stable, repeatable platforms.
* Uphold engineering standards and mentor engineers.

**II. Job Qualifications**


**1\. Must\-have**


* Bachelor’s degree in Computer Science, Software Engineering, Information Technology, or a related field, or equivalent hands\-on experience at Senior/Architect level.
* At least 5 to 7 years’ professional experience, at senior to architect level, in cloud, platform / DevSecOps and back\-end engineering.
* Strong expertise in **Cloud, Platform \& DevSecOps, and Back\-end Engineering**, with solid working knowledge of Data and AI Engineering.
* Experience with operating systems across on\-premises and public cloud environments;
* Hands\-on experience with **AWS and Azure**, including compute, networking, identity \& access management, managed services, and cloud cost optimization.
* Strong experience building and operating cloud platforms using **Docker, Kubernetes, Helm, Terraform, CI/CD, GitHub Actions, ArgoCD, Prometheus, Grafana, Vault, IAM/RBAC, and Trivy**.
* Strong back\-end development experience with **Python (preferably FastAPI),** REST/gRPC APIs, microservices, event\-driven architecture, PostgreSQL, Redis, and Kafka.
* Hands\-on experience with **Data Engineering** technologies such as Airflow, Spark, Snowflake, BigQuery, pgvector, Pinecone, or Neo4j.
* Experience using **Git** and AI\-assisted development tools (e.g., GitHub Copilot, Claude Code) as part of modern software engineering practices.
* Ability to produce clear technical documentation (architecture, runbooks, handover documents) and communicate effectively in English.

**2\. Nice\-to\-have**


* AWS, Azure, or Kubernetes certifications (e.g., CKA).
* Experience with **GCP** and hybrid/multi\-cloud environments.
* Experience building or integrating **AI/LLM\-powered applications** using Azure OpenAI, Anthropic Claude, Hugging Face, LangChain, LlamaIndex, RAG/GraphRAG, MCP, agentic workflows, or vLLM.
* Familiarity with AI observability and AI security practices, including data isolation and access control.
* Experience with Specification\-Driven Development (SDD) frameworks such as BMAD Method or GitHub Spec Kit.
* Experience contributing to or adopting open\-source technologies and communities.
* Experience mentoring engineers or establishing engineering standards and best practices.

**III. Why You’ll Love Working Here**


**1\. Workplace**


* Work with international clients across diverse industries while contributing to cutting\-edge software and AI transformation projects.
* Expand your expertise in B2B technology marketing, demand generation, AI\-powered marketing, and global business development.
* Join an organization embracing AI Transformation and continuous innovation to create meaningful business impact.

**2\. Benefits Comprise**


* Competitive compensation: 13th\-month salary and performance bonuses.
* Comprehensive healthcare coverage, including accident insurance.
* Generous allowances: lunch, marriage, newborn, bereavement, and more.
* Fully equipped pantry for a comfortable lunchtime experience.
* Diverse sports and social activities: Yoga, football, badminton, tech clubs, charity,
* etc.
* Annual company trip and team\-building events.
* Recognition awards: Quarterly, annual, individual, team, and long\-term service
* honors.
* Advanced English and soft skills training for career growth.
* Engaging monthly events: Happy gatherings, mini\-games, team birthday
* celebrations, year\-end party, and more.
* Exclusive company support funds for personal loans (home, vehicle, tuition, etc.).
* Full provision of working equipment and tools required for your role.

**IV. Additional Information**


* **Location:** QTSC1 Building, Quang Trung Software City, Trung My Tay Ward, (District 12\), Ho Chi Minh City
* **Working Hours:** Monday to Friday: 08:30 AM – 06:00 PM (with a 1\.5\-hour lunch break).",IT Support,2026-08-06
Talent Acquisition Specialist,Larion,"Thành phố Hồ Chí Minh, SG, VN",indeed,https://vn.indeed.com/viewjob?jk=df9e12ce8efd9914,"Talent Acquisition


Full Time


Ho Chi Minh

  

**LARION** is a global software outsourcing partner with nearly two decades of industry expertise. We are a 100% Vietnamese technology company that specializes in turnkey solutions and the formation of highly skilled development teams for businesses of all sizes and industries. **LARION**, led by a team of successful entrepreneurs and dedicated technical experts, is a one\-of\-a\-kind symphony in which we passionately create a frictionless future for customers while adhering to your exact needs and objectives.


**I. What You’ll Do**


* **Talent Sourcing (50%)**


* Identify, assess, and engage top technical talent to support business growth
* Build and maintain strong talent pipelines through LinkedIn, GitHub, and other sourcing channels.
* Conduct initial screening to evaluate candidates’ technical background, communication skills, motivation, and overall fit.
* Prepare candidate profiles and screening recommendations for internal review before submission to hiring managers.
* Deliver an exceptional candidate experience throughout every stage of the recruitment journey.
* Track sourcing performance and continuously improve sourcing strategies.

* **Recruitment Operations (30%)**


* Support the end\-to\-end recruitment process by coordinating interviews, maintaining job postings, and ensuring timely communication with candidates and hiring managers.
* Maintain ATS records, recruitment documentation, hiring reports, and recruitment metrics.
* Support recruitment audits and continuously improve recruitment processes, policies, and documentation.

* **Employer Branding (20%)**


* Support employer branding initiatives across online and offline channels.
* Coordinate career fairs, university partnerships, Tech Talks, workshops, and recruitment marketing campaigns.
* Engage with talent communities and help grow LARION’s technical talent network.

**II. What We’re Looking For**


* Bachelor’s degree in Human Resources, Business Administration, or a related field.
* 3\-5 years of Talent Acquisition experience.
* At least 70% of your recruitment experience is in technical/engineering hiring.
* Previous experience in an IT recruitment agency/headhunting firm is highly preferred.
* Strong sourcing capability, especially passive sourcing via LinkedIn, GitHub, and other sourcing channels.
* Good understanding of software engineering roles and the IT talent market.
* Proficiency in ATS tool with strong attention to data accuracy and system integrity.
* Excellent communication and organizational skills, with the ability to deliver a seamless and positive candidate experience throughout the recruitment process.
* Detail\-oriented, proactive, accountable, and able to manage multiple hiring priorities.
* Experience leveraging AI\-powered tools (e.g., ChatGPT, Microsoft Copilot, Gemini) to improve productivity, streamline recruitment operations, and enhance documentation quality.
* Good English communication skills for daily work.

**III. Why Join LARION?**


* **Workplace**


* Recruit top engineering talent across diverse technologies and international projects.
* Work closely with experienced technical hiring managers and engineering leaders.
* Strengthen your expertise in executive sourcing and technical recruitment.
* Participate in employer branding, recruitment marketing, and talent community initiatives.
* Contribute to recruitment process improvement and operational excellence.
* Grow your career in a collaborative, supportive, and technology\-driven environment.

* **Benefits**


* Competitive salary, 13th\-month salary, and performance\-based bonuses.
* Comprehensive healthcare package, including statutory and accident insurance.
* Meal allowance and additional benefits for marriage, newborn, bereavement, and other life events.
* Access to Coursera and Udemy Business Premium, along with continuous English, technical, and soft skills training.
* Annual company trips, team\-building activities, sports clubs (badminton, football, yoga, etc.), and vibrant employee engagement events.
* Recognition and rewards through quarterly, annual, team, individual, and long\-service awards.
* Modern workplace with a fully stocked pantry and all necessary working equipment provided from day one.
* Engaging monthly events: Happy gatherings, mini\-games, team birthday celebrations, year\-end party, and more.
* Employee support fund for personal loans (e.g., housing, vehicle, education).
* Clear career development opportunities in a fast\-growing technology company.

**IV. Additional Information**


* **Location:** QTSC1 Building, Quang Trung Software City, Trung My Tay Ward, (District 12\), Ho Chi Minh City
* **Working Hours:** Monday to Friday: 08:30 AM – 06:00 PM (with a 1\.5\-hour lunch break).",IT Support,2026-08-06
Java Software Engineer,EmbedIT,"Thành phố Hồ Chí Minh, SG, VN",indeed,https://vn.indeed.com/viewjob?jk=d35e3a9f1ef5cad6,"**Role description**
--------------------


* **Type of contract:** Full\-time
* **Place of work:** Ho Chi Minh City, Vietnam


You will play a key role in building large\-scale enterprise systems and digital platforms for financial institutions across Southeast Asia. As a **Java Software Engineer** , you will own backend services, contribute to system design, and help shape engineering best practices.  

This role offers strong international exposure and the opportunity to mentor engineers while influencing technical direction.

**Key Responsibilities**

* Design/Support, develop, and maintain scalable backend services using Java and Spring Boot.
* Lead the development of new services and major enhancements to existing systems.
* Define and evolve service design, APIs, and integration approaches.
* Ensure code quality through reviews, testing, performance tuning, and refactoring.
* Contribute to architecture discussions, balancing technical excellence and business needs.
* Collaborate with QA, DevOps, Analysts, Product Owners, and international teams.
* Support releases, deployments, and post\-production analysis.
* Identify technical debt and drive continuous improvement initiatives.
* Mentor junior and mid\-level engineers and promote DevOps and CI/CD best practices.

**Your experience and skills**

* 3\+ years of experience for Mid\-level and 8\+ years of experience for Senior level in backend or enterprise software development.
* Strong expertise in Java, Spring Boot, and RESTful/SOAP API design.
* Solid understanding of microservices, enterprise architecture, and design patterns.
* Hands\-on experience with relational databases (Oracle preferred).
* Experience with messaging systems such as Kafka or RabbitMQ.
* Practical exposure to CI/CD pipelines, Git, Docker, and Kubernetes.
* Strong ownership mindset, good English communication, and confidence working with international teams.
* Proactive, collaborative, and comfortable mentoring others.


Join EmbedIT family and enjoy

* 20\+ years of engineering expertise delivering large\-scale IT transformation and fintech solutions.
* Impact platforms used by **140M\+ users** across Europe and Asia.
* Join a **500\+ global engineering** community working across 8 time zones.
* Build and scale modern systems with **2700\+ services** running on Kubernetes and cloud\-native architectures.
* Work in a truly international environment, collaborating with teams across Czech Republic and APAC.
* Hybrid and flexible working setup that supports work\-life balance.
* Competitive compensation package including base salary, allowances, 13th\-month salary, and performance bonuses.
* Premium healthcare insurance, 24/7 accident coverage, and annual health checkups.
* Extra perks including meal allowance, phone allowance, company laptop, and parking support.


**About EmbedIT and how you fit in**
------------------------------------


Our company is a dynamic fusion of innovation, skill, and vision, dedicated to transforming industries through technology. In this landscape, your unique talents and perspective are the keys to our collective success, contributing to groundbreaking solutions and strategies. Here, you're not just a part of the team; you're a vital contributor to a journey of continuous improvement and exceptional results. Join us, and let's shape the future together, where your growth is an integral part of our shared story.


**What do we expect?**

* Strong technical proficiency and problem\-solving skills
* Commitment to quality and attention to detail
* Proactive attitude and the ability to take initiative
* Excellent communication and teamwork capabilities
* Adaptability to rapidly changing environments
* A customer\-focused approach to solutions
* Continuous learning and self\-improvement mindset
* Ability to manage time effectively and meet deadlines

**Who are we looking for?**

* Innovative problem\-solvers with a passion for technology
* Team players dedicated to collaborative success
* Individuals with a continuous learning and growth mindset
* Detail\-oriented professionals with a focus on excellence
* Adaptable personalities ready to thrive in a dynamic environment
  


**Our benefits**
----------------


Our benefits are designed to help you go further in multiple aspects of your life, recognising and rewarding you for the value you bring to EmbedIT and our clients.



**Time off**

Everyone is entitled to 5 weeks of paid holiday per year. Plus up to 5 days of personal time off for personal illness or illness of immediate family member.



**Meal contribution**

While you’re at work, we make your meals more affordable. Of the meals you buy at any of our office locations, EmbedIT pays 55% of what you spend.



**Flexible work**

Our core working hours are from 9:00 to 15:00 daily, but how early you start or how late you work, is up to you. Our hybrid setup includes the option of working from your home.



**Pension Insurance or Long\-term Investment product**

Everyone is entitled to a pension insurance allowance of CZK 2,000 per month.



**Health \& Care**

Our people have access to premium healthcare or a 500 CZK monthly allowance for health activities and relaxation – whatever works best for them!



**Recharge by PPF**

We reward your loyalty with Recharge: one extra month of leave for every five years worked.



**Discount programmes**

We have negotiated savings on your behalf at O2, Air Bank, Makro, Home Credit and other vendors.



**Personal growth**

Professional growth is an essential part of our work—we actively support skill development, hands\-on experience, and participation in exciting projects..



**Other cool things you can expect**

Annual all staff parties, fun teambuildings, sport events and our Fail Forward sessions – where we openly share lessons learned from projects to foster growth and innovation.",IT Support,2026-08-06
Warehouse Supervisor,Jabil,"Thành phố Hồ Chí Minh, SG, VN",indeed,https://vn.indeed.com/viewjob?jk=3e3e2e78556ef17e,"At Jabil (NYSE: JBL), we are proud to be a trusted partner for the world's top brands, offering comprehensive engineering, supply chain, and manufacturing solutions. With 60 years of experience across industries and a vast network of over 100 sites worldwide, Jabil combines global reach with local expertise to deliver both scalable and customized solutions. Our commitment extends beyond business success as we strive to build sustainable processes that minimize environmental impact and foster vibrant and diverse communities around the globe.  

**SUMMARY**  

Supervise the receipt and storage of equipment, materials, merchandise, and similar items in the stockrooms.
  

  

**ESSENTIAL DUTIES AND RESPONSIBILITIES include the following. Other duties may be assigned.**  

  

LEADERSHIP AND MANAGEMENT RESPONSIBILITIES
  

  

Recruitment and Retention:
  

* Recruit and interview Stockroom employees.
* Communicate criteria to recruiters for Stockroom position candidates.
* Monitor team member turnover; identify key factors that can be improved; make improvements.

  

Employee and Team Development:
  

q Identify individual and team strengths and development needs on an ongoing basis.
  

* Create and/or validate training curriculum in area of responsibility.
* Coach and mentor Stockroom staff to deliver excellence to every internal and external customer.
* Create and manage succession plans for Stockroom function.

  

Performance Management:
  

* Establish clear measurable goals and objectives by which to determine individual and team results (i.e. operational metrics, results against project timelines, training documentation, attendance records, knowledge of operational roles and responsibilities, personal development goals).
* Solicit ongoing feedback from Workcell Manager (WCM), Business Unit Manager (BUM), peers and team member on team member’s contribution to the Workcell team. Provide ongoing coaching and counseling to team member based on feedback.
* Express pride in staff and encourage them to feel good about their accomplishments.
* Perform team member evaluations professionally and on time.
* Drive individuals and the team to continuously improve in key operational metrics and the achievement of the organizational goals.
* Coordinate activities of large teams and keep them focused in times of crises.
* Ensure recognition and rewards are managed fairly and consistently in area of responsibility.

  

Communication:
  

* Provide weekly communication forum for the exchange of ideas and information with the department.
* Organize verbal and written ideas clearly and use an appropriate business style.
* Ask questions; encourage input from staff.
* Assess communication style of individual team members and adapt own communication style accordingly.

  

FUNCTIONAL MANAGEMENT RESPONSIBILITIES
  

  

Cost Management:
  

* Identify creative ways to reduce cost by streamlining processes and systems (i.e. modification of responsibilities or consolidation of tasks, elimination of non\-value\-added processes, or complete re\-engineering of processes and systems).
* Utilize tools to monitor departmental cost and cost trends, striving continuously to improve value.
* Provide feedback to peers (BUM, WCM, and Functional Managers on cost and cost trends.

  

TECHNICAL MANAGEMENT RESPONSIBILITIES
  

  

* Ensure that items are appropriately marked or tagged for identification purposes.
* Oversee maintenance of stock records.
* Stores items in bins, on shelves, or on floors for convenient access.
* Post Goods Issue research and resolution.

  

  

* Continually interface with all departmental supervisors, support functions, engineering, program management, and other pertinent functions within the plant operations.
* Adhere to all safety and health rules and regulations associated with this position and as directed by supervisor.
* Comply and follow all procedures within the company security policy.

  

**MINIMUM REQUIREMENTS**  

Bachelor’s degree or equivalent preferred; and five years of experience, two in a supervisory role; or equivalent combination of education and experience.  

BE AWARE OF FRAUD: When applying for a job at Jabil you will be contacted via correspondence through our official job portal with a jabil.com e\-mail address; direct phone call from a member of the Jabil team; or direct e\-mail with a jabil.com e\-mail address. Jabil does not request payments for interviews or at any other point during the hiring process. Jabil will not ask for your personal identifying information such as a social security number, birth certificate, financial institution, driver’s license number or passport information over the phone or via e\-mail. If you believe you are a victim of identity theft, contact your local police department. Any scam job listings should be reported to whatever website it was posted in.
**Jabil, including its subsidiaries, is an equal opportunity employer and considers qualified applicants for employment without regard to race, color, religion, national origin, sex, sexual orientation, gender identity, age, disability, genetic information, veteran status, or any other characteristic protected by law.**

**Accessibility Accommodation**
===============================

If you are a qualified individual with a disability, you have the right to request a reasonable accommodation if you are unable or limited in your ability to use or access Jabil.com/Careers site as a result of your disability. You can request a reasonable accommodation by sending an e\-mail to Always\_Accessible@Jabil.com with the nature of your request and contact information. Please do not direct any other general employment related questions to this e\-mail. Please note that only those inquiries concerning a request for reasonable accommodation will be responded to.  

\#whereyoubelong",IT Support,2026-08-06
Buyer II,Jabil,"Thành phố Hồ Chí Minh, SG, VN",indeed,https://vn.indeed.com/viewjob?jk=78337555c132e1a4,"At Jabil (NYSE: JBL), we are proud to be a trusted partner for the world's top brands, offering comprehensive engineering, supply chain, and manufacturing solutions. With 60 years of experience across industries and a vast network of over 100 sites worldwide, Jabil combines global reach with local expertise to deliver both scalable and customized solutions. Our commitment extends beyond business success as we strive to build sustainable processes that minimize environmental impact and foster vibrant and diverse communities around the globe.  

**JOB SUMMARY**  

  

Responsible for managing MRP to ensure that materials supply equals demand and to support optimization of overall cost of materials.
  

  

**ESSENTIAL DUTIES AND RESPONSIBILITIES**  

  

* Develop supply base and Supply Chain strategies that are unique to customer or for Business Unit Strategic materials.
* Support customer’s business needs using standard process where possible and customized solutions where necessary. Collaborate with Purchasing manager and SCM to determine the best approach to meet the customer needs. Influence customer’s supply chain strategies to leverage those of Jabil.
* Communicate Jabil expectations to the suppliers. Conduct supplier audit / visits, certifications, and performance reviews to develop and continuously improve supply base. Obtain feedback from Materials Planners on suppliers’ delivery, quality, and service performance.
* Support, execute, and provide inputs to improve Jabil SCM initiatives and strategies.
* Quote new and existing materials. Work with Materials Quotation Analyst if applicable. Frequently re\-quote and negotiate to capitalize on cost reduction opportunities.
* Make sourcing decisions based on overall cost and benefit including price, duty, freight, flexibility, service, performance, quality, and terms \& conditions.
* Negotiate terms and conditions that protect the best interest of Jabil and its customers. Negotiate liability terms, special stocking arrangements, and other agreements that are outside of standard Jabil terms and conditions.
* Ensure execution of Jabil pricing and terms \& conditions agreements such as World Wide Purchasing Agreements that are negotiated and agreed to by Jabil.
* Improve sourcing options by working with Jabil’s internal resources and customers to add Jabil preferred and/or strategic suppliers to customer’s Approved Manufacturer’s List (AML).
* Analyze and project component purchase prices that accurately reflect the inventory value for a financial period in Standard Costing process.
* Provide input to determine Quoted Cost to the Customer that is competitive yet maximizes the amount of Materials Price Variance (MPV).
* Continuously optimize MPV by reducing the cost of materials and by limiting unfavorable PPV/MPV. Work with BUM to obtain customers’ authorization for additional expenses such as premiums on materials or freight and tooling charges incurred on customers’ behalf.
* Collaborate with Materials Planners and monitor, track, and provide feedback on suppliers’ performance for continuous improvement.
* Work with Materials Planners to ensure that suppliers support overall business needs of Jabil.
* Adhere to all safety and health rules and regulations associated with this position and as directed by supervisor.
* Comply and follow all procedures within the company security policy.
* May perform other duties and responsibilities as assigned.

  

**JOB QUALIFICATIONS**  

**KNOWLEDGE REQUIREMENTS**  

  

* Ability to calculate figures and amounts such as discounts, interest, commissions, proportions, percentages, area, circumference, and volume.
* Ability to apply concepts of basic algebra and geometry.
* Ability to effectively present information and respond to questions from groups of managers, clients, customers, and the general public.
* Ability to define problems, collect data, establish facts, and draw valid conclusions.
* Ability to operate a personal computer including using a Windows based operating system and related software.
* Advanced PC skills, including training and knowledge of Jabil’s software packages.
* Ability to write simple correspondence. Read and understand visual aid.
* Ability to apply common sense understanding to carry out simple one\- or two\-step instructions.
* Ability to deal with standardized situations with only occasional or no variables.
* Ability to read and comprehend simple instructions, short correspondence, and memos.
* Ability to add, subtract, multiply, and divide in all units of measure, using whole numbers, common fractions, and decimals.
* Ability to compute rate, ratio, and percent and to draw and interpret graphs.
BE AWARE OF FRAUD: When applying for a job at Jabil you will be contacted via correspondence through our official job portal with a jabil.com e\-mail address; direct phone call from a member of the Jabil team; or direct e\-mail with a jabil.com e\-mail address. Jabil does not request payments for interviews or at any other point during the hiring process. Jabil will not ask for your personal identifying information such as a social security number, birth certificate, financial institution, driver’s license number or passport information over the phone or via e\-mail. If you believe you are a victim of identity theft, contact your local police department. Any scam job listings should be reported to whatever website it was posted in.
**Jabil, including its subsidiaries, is an equal opportunity employer and considers qualified applicants for employment without regard to race, color, religion, national origin, sex, sexual orientation, gender identity, age, disability, genetic information, veteran status, or any other characteristic protected by law.**

**Accessibility Accommodation**
===============================

If you are a qualified individual with a disability, you have the right to request a reasonable accommodation if you are unable or limited in your ability to use or access Jabil.com/Careers site as a result of your disability. You can request a reasonable accommodation by sending an e\-mail to Always\_Accessible@Jabil.com with the nature of your request and contact information. Please do not direct any other general employment related questions to this e\-mail. Please note that only those inquiries concerning a request for reasonable accommodation will be responded to.  

\#whereyoubelong",IT Support,2026-08-06
HORECA Senior Sales Manager (28519) làm việc tại Hồ Chí Minh,Công Ty TNHH Reeracoen Việt Nam,"Thành phố Hồ Chí Minh, SG, VN",indeed,https://vn.indeed.com/viewjob?jk=1ce25841dbd3bdc6,"**Mô tả công việc:**


(Mức lương: 60 \- 70 triệu VNĐ)* Understand the sales mix for HORECA and Distributors, develop the optimal distributor policy for JVL, and implement it.
* Expand sales network, especially for strategic development of HORECA \& Distributor channels per product mix, area, pricing scheme, and so on to reach the company’s yearly business plan.
* Deliver sales target, drive sales activity, executing to distributor policy
* Management of the HORECA Sales Team Support marketing activity, to enhance brand awareness and equity.
* Work together to maintain the product to the appropriate quality and specification

  

【Main responsibilities】  

1\. Sales Strategy management:  

* Develop and execute the Horeca sales strategy
* Develop the optimal distributor policy in JVL and implement
* Support BOD to develop/manage pricing strategy to deliver the business objective


2\. Excellence in Execution  

* Execute strategic sales activities
* Deliver sales volume, revenue, profit, and market share targets.
* Analyze and review the results of sales activities
* Identify areas for improvement and consider countermeasures.
* Implement the measures and re\-evaluate the results.

3\. Customer management:  

* Identify new business opportunities and expand the customer base for the company by market research and networking activity
* Support and educate sales members to connect with customers
* Build a strong relationship with strategic customers, at the top\-to\-top level.
* Work with the Marketing team to develop the right activities, such as promotions, events, and co\-branding activities, to deliver the sales target.
* Lead the team to handle customer’s issue: Contract, credit, PO, Delivery, AR, complaint…
* Update and report to the BOD on market information.


4\. Team Leadership  

* Lead, coach, recruit, and develop the Horeca team to achieve business objectives.
* Build a high\-performance culture with strong ownership and accountability.
* Drive collaboration across MKT, SCM, Production, and other functions.


5\. Continuous Improvement  

* Proactively identify opportunities to improve business performance, processes, and ways of working.
* Execute proper internal procedure, policy.
* Other assignments required by the line manager.

**Chức vụ:** Giám Đốc Và Cấp Cao Hơn

**Hình thức làm việc:** Toàn thời gian

**Quyền lợi được hưởng:**


Mức lương: 60,000,000 VND \- 70,000,000 VND


* Annual Leave (12 days/Year)
* Salary Review
* Social Insurance
* Meal allowance

**Yêu cầu bằng cấp (tối thiểu):** Đại Học

**Yêu cầu công việc:**

* Graduated from the University
* At least 3\-5 years of experience in the Horeca Manager section (any Industry is ok)
* Communication in English (Upper Intermediate Level)
* Good Health; Self\-transportation
* Willing to go on business trips when required.
* Basic knowledge of the food market
* Proficiency in Microsoft Excel, Word, and PowerPoint
* Understanding and relationship with overseas meat suppliers, such as JBS, Cargil, Ausfine…or even working experience at those companies.

**Yêu cầu giới tính:** Nam/Nữ

**Ngành nghề:** Bán Hàng Doanh Nghiệp \- B2B,Khách Sạn,Nhà Hàng \- F\&B,Phát Triển Kinh Doanh


  

Đại Học
  

Không yêu cầu",IT Support,2026-08-06
Sales Team Leader,,"Thành phố Hồ Chí Minh, SG, VN",indeed,https://vn.indeed.com/viewjob?jk=88d29e1913499c4e,"**JOB DESCRIPTION** 

* Build up, train, and manage a sales team, scales of 5\-8 members;
* Assist Sales Manager in developing sales strategy and plans to achieve agreed targets, effectively search for leads/prospects, penetrate new markets (Singapore, Malaysia, Thailand, Hongkong, New Zealand, Netherlands, UK, US, Australia…)
* Advise and support team members to prepare and deliver client/customer presentations, proposals, and price lists;
* Generate and manage sales pipeline to ensure to reach the team’s KPI;
* Reporting (content and format as agreed) on a monthly basis to the Sales Manager;
* Review and upgrade internal sales process compliance;
* Develop a thorough understanding of products and services; develope new business with existing clients and/or identify areas of improvement to meet sales quotas;
* Combine with clients and internal departments to close deals and implement projects.
* Work Location: Ha Noi, Ho Chi Minh, Japan, Singapore, Korea, Malaysia.

**REQUIREMENTS**

* 4\+\+ years of experience in Sales; which 2 years in management positions (candidates without leadership experience but strong IT sales skills are considerable);
* IT background is an advantage;
* Fluent in verbal and written English (IELTS 7\.0\+\+)/ Korean/ Japanese (N1\)
* Strong communication and interpersonal skills to communicate effectively with internal and external people;
* Ability to work effectively under high pressure \& with cross\-functional teams, good problem\-solving.

**BENEFITS**

* Attractive income: Basic Salary \+ Incentive (according to actual revenue of the team and individual)

Job Type: Full\-time

Work Location: In person",IT Support,2026-08-06
QC Engineer (Junior/Middle),CyberLogitec Vietnam,"Thành phố Hồ Chí Minh, SG, VN",indeed,https://vn.indeed.com/viewjob?jk=53d4c3feffbcd1ea,"Work location
Ho Chi Minh
Level
Junior, Middle
Expiration date
30 Sep,2026
  
JOB DESCRIPTION
* Ensure product quality throughout the SDLC by validating functionality, stability, reliability, and overall user experience.
* Design, maintain, and execute test plans, test cases, and exploratory testing to ensure comprehensive test coverage.
* Support release cycles by performing regression testing, release verification, and ensuring features meet quality standards before production deployment.
* Collaborate closely with Engineers, Product Owners, and Business Analysts to clarify requirements, identify risks early, and improve feature quality.
* Investigate defects, perform root cause analysis, and contribute to preventive actions that reduce recurring quality issues.
* Participate in product discussions and provide feedback to improve feature design and user experience.
* Partner with Customer Support to validate user\-reported issues and contribute to improving overall user satisfaction.
YOUR SKILLS AND EXPERIENCE
* 4\+ years of experience in QC/QA for web applications, with solid manual testing experience and basic exposure to automation testing.
* Solid understanding of SDLC and testing fundamentals.
* Familiarity with automation testing frameworks (Playwright is a plus).
* Basic SQL knowledge for validating backend data.
* Basic understanding of API testing using Postman or similar tools.
* Familiarity with version control systems (e.g., GitHub) and CI/CD pipelines (e.g., GitHub Actions).
* Strong analytical thinking, problem\-solving skills, and attention to detail.
* Proactive mindset with a sense of ownership and willingness to learn, ask questions, and improve product quality.
* English: Ability to understand technical documentation and write detailed test cases.
WHY YOU'LL LOVE WORKING HERE
* Well\-trained and dedicated to being able to catch the pace smoothly
* Basic salary: It will be based on the ability of the candidate and the general salary framework set by the company.
* Salary review based on performance every 6 months if your basic salary is less than 30,000,000 VND. If your basic salary is from 30,000,000 VND, it will be reviewed every year
* 13th\-month salary and bonus for holidays
* Team building once a month
* Company trip: 1 time/year
* Full social benefits in accordance with the company and the law of Vietnam
* Professional environment and clear procedures.
* Great opportunity to improve English
* Opportunity to learn Logistics and professional management system of project development process
(Please be noted that only selected candidates will be contacted via phone)",IT Support,2026-08-06
IT Solution Sales (Korean speaking),CyberLogitec Vietnam,"Thành phố Hồ Chí Minh, SG, VN",indeed,https://vn.indeed.com/viewjob?jk=b153d207a96e69f1,"Work location
Ho Chi Minh
Level
Junior, Middle
Expiration date
30 Sep,2026
  
OVERVIEW
We are seeking a motivated **Korean\-Speaking Sales Executive** (Junior or Mid\-Level) to join our team. This is a pure sales position focused on business development and customer relationship management. The role does not include administrative or sales support responsibilities.


JOB DESCRIPTION
* Develop and maintain relationships with Korean\-speaking clients and business partners.
* Identify new business opportunities and generate sales leads.
* Conduct customer meetings, presentations, and business discussions.
* Understand customer requirements and propose appropriate solutions.
* Coordinate with internal teams to ensure successful project execution and customer satisfaction.
* Prepare sales reports and update business development activities.
* Achieve assigned sales targets and contribute to company growth.
YOUR SKILLS AND EXPERIENCE
* **Korean language** proficiency is mandatory (fluent in speaking, listening, reading, and writing).
* Junior or Mid\-Level sales experience preferred.
* Strong communication, negotiation, and interpersonal skills.
* Ability to build and maintain long\-term customer relationships.
* Self\-motivated, proactive, and results\-oriented.
* Willingness to travel for customer meetings and business activities outside Ho Chi Minh City, including Binh Duong, Long An, and nearby provinces.
* Experience working with Korean clients or in a Korean business environment.
* Background in B2B sales or business development is an advantage.
WHY YOU'LL LOVE WORKING HERE
* Well\-trained and dedicated to being able to catch the pace smoothly
* Basic salary: It will be based on the ability of the candidate and the general salary framework set by the company.
* Salary review based on performance every 6 months if your basic salary is less than 30,000,000 VND. If your basic salary is from 30,000,000 VND, it will be reviewed every year
* 13th\-month salary and bonus for holidays
* Team building once a month
* Company trip: 1 time/year
* Full social benefits in accordance with the company and the law of Vietnam
* Professional environment and clear procedures.
* Great opportunity to improve English
* Opportunity to learn Logistics and professional management system of project development process
(Please be noted that only selected candidates will be contacted via phone)",IT Support,2026-08-06
System Security Engineer (Senior),CyberLogitec Vietnam,"Thành phố Hồ Chí Minh, SG, VN",indeed,https://vn.indeed.com/viewjob?jk=cd63a52a4e3a9770,"Work location
Ho Chi Minh
Level
Middle, Senior
Expiration date
30 Sep,2026
  
JOB DESCRIPTION
**Identity \& Access Management (IAM)**


* + Monitor and investigate credential exposure involving corporate accounts (Google Workspace, Microsoft 365, VPN, Slack, etc.).
	+ Administer Identity and Access Management (IAM) based on the Principle of Least Privilege.
	+ Ensure timely provisioning and deprovisioning of user accounts, especially during employee onboarding and offboarding.

**Enterprise Security Operations**


* + Deploy and maintain enterprise endpoint protection solutions (EDR/Antivirus).
	+ Implement and administer enterprise password management platforms (1Password, Bitwarden Enterprise, etc.).
	+ Configure and maintain Firewalls, VPN, Wi\-Fi security, and network segmentation (VLAN).

**Security Monitoring \& Incident Response**


* + Analyze security logs from cloud platforms, servers, and network infrastructure to detect suspicious activities and unauthorized access.
	+ Participate in incident response activities involving phishing, ransomware, malware, or internal data leakage.
	+ Support incident recovery and post\-incident remediation.

**Security Awareness \& Compliance**


* Deliver security awareness training for employees.
* Collaborate with Security Compliance teams to implement and monitor internal security policies and regulatory requirements.
YOUR SKILLS AND EXPERIENCE
**Core Qualifications (Must\-Have)**


* + **Experience:** 4\+ years of experience in Information Security, IT Security, or System Administration.
	+ **Identity \& Access Management:** Hands\-on experience managing IAM, Active Directory, Google Workspace, Microsoft 365, or similar enterprise identity platforms.
	+ **Endpoint \& Infrastructure Security:** Experience deploying and administering endpoint protection (EDR/Antivirus), firewalls, VPNs, and enterprise network security solutions.
	+ **Security Operations:** Experience monitoring security events, investigating security incidents, and performing incident response activities.
	+ **Security Fundamentals:** Solid understanding of network security, access control, authentication, vulnerability management, and security best practices.

**Preferred Qualifications (Nice\-to\-Have)**


* + Security certifications such as **Security\+, CEH, CISSP**, or equivalent.
	+ Experience with SIEM platforms (Microsoft Sentinel, Splunk, QRadar, etc.).
	+ Familiarity with cloud security (Microsoft Azure, AWS, or Google Cloud).
	+ Knowledge of security frameworks such as **ISO 27001, CIS Controls, or NIST Cybersecurity Framework**.

**Soft Skills**


* + Strong analytical and problem\-solving skills with a proactive security mindset.
	+ Good communication skills and ability to collaborate with cross\-functional teams.
	+ Ability to prioritize and respond effectively during security incidents.
WHY YOU'LL LOVE WORKING HERE
* Well\-trained and dedicated to being able to catch the pace smoothly
* Basic salary: It will be based on the ability of the candidate and the general salary framework set by the company.
* Salary review based on performance every 6 months if your basic salary is less than 30,000,000 VND. If your basic salary is from 30,000,000 VND, it will be reviewed every year
* 13th\-month salary and bonus for holidays
* Team building once a month
* Company trip: 1 time/year
* Full social benefits in accordance with the company and the law of Vietnam
* Professional environment and clear procedures.
* Great opportunity to improve English
* Opportunity to learn Logistics and professional management system of project development process
(Please be noted that only selected candidates will be contacted via phone)",IT Support,2026-08-06
KFC - Sr. QA Engineer,"YUM! Brands, Inc.","Thành phố Hồ Chí Minh, SG, VN",indeed,https://vn.indeed.com/viewjob?jk=d4b6c489a2754a19,"#### **About Yum! Brands \& Our Digital Commerce Vision:**


Yum! Brands, Inc. is the world's largest restaurant company by system units, with over 56,000 restaurants in over 155 countries, home to iconic brands like KFC, Taco Bell, and The Habit Burger Grill. Our relentless pursuit of digital excellence is transforming the QSR industry.


Our proprietary ""Byte by Yum! Commerce Platform"" is the sophisticated e\-commerce engine driving this transformation. It encompasses all digital ordering channels – from our brand\-specific mobile apps and websites to in\-restaurant kiosks and emerging digital touchpoints. This platform is meticulously crafted to deliver seamless, personalized, and efficient ordering experiences for millions of customers globally.


##### **Job Opportunity:**


We are seeking an experienced Senior Quality Assurance Engineer II to own and drive the testing strategy and quality practices for the Byte by Yum! Commerce Platform. In this role, you will lead the testing discipline across globally distributed engineering teams and ensure our e\-commerce platform consistently delivers reliable, scalable, and high\-quality digital experiences to millions of customers worldwide.


As the Senior Quality Assurance Engineer, you will define and implement the overall quality and testing strategy, guide the automation approach, and establish engineering best practices across web and mobile platforms. You will partner closely with engineering, product, and DevOps teams to embed quality throughout the software development lifecycle and enable fast, confident releases in a high\-transaction environment.


This role requires deep technical expertise in modern testing frameworks, strong leadership in automation strategy, and experience operating within complex, large\-scale e\-commerce platforms. Experienced working with Maestro is a big plus

  

  

* Define and drive the overall testing strategy and quality standards for the platform.
* Build and maintain scalable, maintainable automation frameworks across web and mobile applications
* Perform hands\-on manual and exploratory testing for new features, edge cases, and pre\-release sign\-off, particularly in scenarios where automation isn't practical or mature yet
* Establish best practices for functional, integration, end\-to\-end, and performance testing.
* Establish quality standards, testing guidelines, and best practices across engineering teams.
* Collaborate with engineering, product, and DevOps teams to embed quality into the CI/CD pipeline and development lifecycle.
* Oversee test planning, execution, and reporting to ensure high levels of release confidence and platform reliability.
* Continuously evaluate and improve testing tools, frameworks, and processes to support platform growth and scalability.
* Lead defect management processes, ensuring issues are properly prioritized, tracked, and resolved.
  

  

##### **Requirements:**


* Bachelor's degree in computer science, or related technical field.
* 10\+ years of experience in software quality assurance, with at least 3 years in a senior test role supporting large\-scale e\-commerce or high\-volume consumer platforms.
* Proven experience leading testing strategies and quality initiatives in complex software platforms.
* Strong hands\-on experience with at least one of test automation frameworks (e.g., Maestro ,Playwright, Cypress, Selenium, Appium).
* Ability to collaborate effectively across engineering, product, and DevOps teams.
* Strong leadership, communication, and problem\-solving skills in fast\-paced, agile environments.
* Strong problem\-solving skills and a passion for delivering high\-quality software.
* Ability to collaborate effectively across distributed global teams.
* Strong spoken and written English for international collaboration.
* Adaptable and comfortable with change — able to adjust testing priorities, tools, and approach quickly as product direction, requirements, or tech stack evolve

##### **Nice to Have:**


* Experience with Maestro for mobile UI automation (preferred).
* Experience working with large\-scale, high\-transaction e\-commerce systems.
* ISTQB or other relevant QA certifications.
* Knowledge of performance or load testing tools.

##### **WHAT WE OFFER**


* 100% salary during the probation period.
* 18 days of annual leave per year.
* Five “Recharge Days” – extra days in addition to company holidays.
* One day of paid leave for your birthday.
* 2 days WFH/ week.
* Half\-day Fridays.
* Full salary insurance.
* 13th\-month bonus.
* Advanced health insurance (Generali).
* Regular team and engagement activities.
* LinkedIn learning and training courses, based on company policy.
* MacBook and monitors

  

**Location:**Waseco building, 10 Pho Quang, Tan Son Hoa ward, Ho Chi Minh city, Vietnam.",IT Support,2026-08-06
Technical & Design Promotion Specialist,ABB,"Thành phố Hồ Chí Minh, SG, VN",indeed,https://vn.indeed.com/viewjob?jk=15bc127bc71d0559,"At **ABB**, we help industries run leaner and cleaner—and every person here makes that happen. You’ll be empowered to lead, supported to grow, and proud of the impact we create together. Join us and help run what runs the world.

**This position reports to:**


EL Technical \& Design Promotion Manager
\_\_

**Your role and responsibilities**  

  

In this role, you will have the opportunity to plan and implement proactive promotional activities for the assigned target audience to create market demand and need for specific features or products. Each day, you will identify and develop sales opportunities by introducing, presenting, and educating the target audience about ABB products and tools. You will also showcase your expertise by building long\-term customer relationships.  

  

The work model for the role is: \#LI\-Hybrid

* Implementing proactive promotional activities, including technical presentations, demonstrations, seminars, educational material, and technical development of projects and solutions for the customer target group.
* Creating plans for target audience visits and conducting regular status reviews, including analyzing and deriving the insights and output of the visits.
* Establishing and maintaining effective long\-term relationships with target group customers to understand their needs and to ensure they are well\-informed of the ABB product, systems, services offering, features, and benefits.
* Ensuring efficient marketing activities and strong value proposition to customers by using effective promotional techniques.
 **Qualifications for the role**

* Bachelor's degree in Electrical Engineering or equivalent technical discipline.
* Minimum 5 years of experience in sales, business development, or technical promotion roles within the market.
* Strong background in account management and customer development, with a proven ability to build and sustain long\-term customer and partner relationships.
* Solid foundation in electrical engineering with a well\-established network within the building, residential, or smart power segment.
* Good communication and interpersonal skills, with the ability to influence and engage stakeholders at all levels, both internally and externally.
* Self\-motivated and results\-driven professional with a customer\-centric mindset and strong technical presentation capabilities.
 **What's in it for you?**  



We empower you to take initiative, challenge ideas, and lead with confidence. You’ll grow through meaningful work, continuous learning, and support that’s tailored to your goals. Every idea you share and every action you take contributes to something bigger.

**More about us**

  

ABB Smart Buildings enables optimization of energy efficiency, safety, security and comfort for any building type, through new installations or retrofit solutions. The Division offers integrated digital technologies to control HVAC, lighting, shutters, and security, in addition to energy distribution solutions including DIN rail products, enclosures and emergency lighting through to industrial plugs and sockets and conventional wiring accessories, accommodating for single family homes, multiple dwellings, commercial buildings, infrastructure and industrial applications. The Division’s highly innovative technologies and digital solutions serve rising global demand among real estate developers, owners, and investors for smart building technologies that optimize energy distribution and building automation. The scalable solutions aim to deliver significant sustainable and financial benefits, meeting social and environmental demands, while being able to address even the most complex of customers’ carbon reduction strategies.


Building a cleaner, smarter future takes all kinds of minds: the curious, the courageous, and the creative. That's why we welcome people from all backgrounds and experiences.




Ready to make an impact?


Apply today or visit **https://www.abb.com** to learn more about the impact of our solutions across the globe.",IT Support,2026-08-06
Senior Business Analyst,Darwinbox,"Thành phố Hồ Chí Minh, SG, VN",indeed,https://vn.indeed.com/viewjob?jk=cfc3608ec7a2d0e9,"Job Description
About Us: Noventiq (Noventiq Holdings PLC) is a premier global provider of cutting\-edge digital transformation and cybersecurity solutions, headquartered in London. We empower businesses to thrive in the digital age, connecting them with top\-tier IT vendors and delivering our own innovative services and proprietary solutions.


Why Noventiq? Our success is driven by a robust three\-dimensional strategy focused on expanding our market presence, diversifying our product portfolio, and enhancing our sales channels. Through strategic M\&A activities, we are poised to capitalize on industry consolidation and achieve unprecedented growth. With a dynamic team of approximately 6,400 employees operating in around 60 countries, we have a significant footprint in regions with immense growth potential, including Latin America, EMEA, APAC, and a notable presence in India.


Your Opportunity: Join a globally recognized organization, celebrated with multiple ""Great Place to Work"" awards. At Noventiq, your ideas matter. We foster an environment where innovation thrives and collaboration is a cornerstone. Be a part of our journey to drive digital transformation worldwide.


Ready to Make an Impact? If you're passionate about shaping the future of digital transformation and cybersecurity, we want you on our team. Join us and be a part of a global organization where your contributions are valued and your potential is limitless. Join us today!

  

  

Now we’re looking for **Senior Business Analyst** to bring your talent to Noventiq Vietnam. You’ll be a part of our Services Delivery Team.

  

  

**What You’ll Do:**

  

  

**Requirement \& Analysis**


* Run discovery sessions with stakeholders to identify pain points and opportunities
* Write clear SRS / BRD suitable for both business and development teams
* Create prototypes, mockups, and wireframes to validate with customers before build

**Delivery Support**


* Validate design and technical feasibility with development team
* Prepare test scenarios, coordinate UAT, manage defect resolution
* Support go\-live and hypercare — troubleshoot issues, coach end\-users

**Stakeholder Management**


* Single point of contact on business matters for assigned customers
* Manage change requests — evaluate impact, prioritize, communicate trade\-offs

**Documentation \& Training**


* Prepare end\-user training materials and user guides
* Contribute reusable templates and playbooks to the BA practice
  

  

**About You:**


**Must\-have**


* 5\+ years BA experience in IT / software delivery
* 3\+ enterprise projects with large corporate customers (1000\+ employees)
* Proven SRS / BRD writing at production quality
* Microsoft ecosystem exposure: M365, SharePoint, Teams, or Power Platform
* Excellent Vietnamese; strong technical English
  

  

**What We Offer:**


* Working time: Mon\-Fri, 9am\-6pm; flexible working time
* Attractive Bonus, \& Allowances for mobile, transportation, parking
* Premium Healthcare insurance
* External and Internal Training Opportunities \& English class are sponsored by company
* Birthday paid day\-off \& Birthday gift
* Recognition program, Referral program
* Working device provided or reimbursement on personal device
* Other activities: annual company trip, year\-end dinner, exciting engagement events, Coaching opportunities, etc.
* Annual Salary Review \& Promotion
  

  

**Don’t forget to include your CV with a photo and cover letter. We receive a lot of applications, and we try to notice each of our potential candidates.**",IT Support,2026-08-05
"Graduate Hires, Performance Improvement",Alvarez & Marsal,"Thủ Đức, SG, VN",indeed,https://vn.indeed.com/viewjob?jk=ce0e63bd0c600b4e,"**Description**


**About Alvarez \& Marsal**  

  

Alvarez \& Marsal (A\&M) is a global consulting firm with over 10,000 entrepreneurial, action and results\-oriented professionals in over 40 countries. We take a hands\-on approach to solving our clients' problems and assisting them in reaching their potential. Our culture celebrates independent thinkers and doers who positively impact our clients and shape our industry. The collaborative environment and engaging work—guided by A\&M's core values of Integrity, Quality, Objectivity, Fun, Personal Reward, and Inclusive Diversity—are why our people love working at A\&M.

**The Team**  

  

The Performance Improvement Practice works with Private Equity and Corporate clients all over the world. We offer end\-to\-end services throughout the investment life cycle by furnishing transaction advisory, performance improvement, turnaround, interim and crisis management. Our areas of expertise include pre\-M\&A due diligence, merger integration, post\-M\&A growth strategy, corporate finance advisory, organizational and cost transformation, supply chain and manufacturing operational improvement, interim and crisis management, and CFO finance leadership. We differentiate ourselves by the result\-driven approach, the hands\-on mindset, and the ability to provide leadership amidst complex situations.  

  

A\&M is rapidly expanding in Southeast Asia and seeking graduate hires who will be responsible for research, analytical / problem solving, modeling, and report / presentation preparation, to support various engagements of complex and high\-profile situations. He/she is required to deliver rapid results with focus on bottom\-line improvement.  

  

**How You Will Contribute**

* Conduct research and gather from all sources of information
* Use gathered information and expertise to formulate strategic plans for our clients
* Cooperate with the team leader to understand different stakeholders’ perspective
* Organize and prioritize tasks on hand to meet deadlines.
* Analyze \& present statistical \& market data, and perform financial analysis

**Qualifications**

* Bachelor’s or Master’s degree (Business, Accounting, Finance, Engineering or any major with quantitative focus) with proven record of academic excellence
* Excellent analytical skills, logical and structured thinking, creative in problem solving
* Ability to extract/infer useful information from large sets of unorganized or incomplete data
* Strong organizational skills, including ability to manage multiple tasks concurrently
* Superior interpersonal attributes including communication and soft skills, ability to work in a team, results/performance\-oriented work style
* Ability to summarise complex numerical information for presentations
* Fluent in written and spoken English, fluency in other ASEAN languages (Bahasa Indonesia, Bahasa Malaysia, Vietnamese, Thai or Tagalog) a plus
* High energy, autonomous, get\-it\-done, entrepreneurial mindset—seizing small moments to make them bigger
* Thrives in a fast\-paced, challenging, and unpredictable environment—looking beyond constraints for solutions
* Has the ability to project fun and a sense of achievement into the work that they do and team that they join
* Keenesss to go above and beyond, with integrity and empathy, to create lasting results
* Passionate about quality and objectivity of your work
* Ability to collaborate selflessly \& be a team player

**Your journey at A\&M**


We recognize that our people are the driving force behind our success, which is why we prioritize an employee experience that fosters each person’s unique professional and personal development. Our robust performance development process promotes continuous learning, rewards your contributions, and fosters a culture of meritocracy. With top\-notch training and on\-the\-job learning opportunities, you can acquire new skills and advance your career.  

  

We prioritize your well\-being, providing benefits and resources to support you on your personal journey. Our people consistently highlight the growth opportunities, our unique, entrepreneurial culture, and the fun we have together as their favorite aspects of working at A\&M. The possibilities are endless for high\-performing and passionate professionals.",IT Support,2026-08-05
"Senior Business Analyst - Insurance, Claims (Hybrid)",COVERGO,"Thành phố Hồ Chí Minh, SG, VN",indeed,https://vn.indeed.com/viewjob?jk=42ac0fdf24f3337a,"**Top 3 reasons to join us**
----------------------------


* Competitive Salary
* Working on the latest tech for the insurtechmarket
* Shaping the future of the insurance industry
**Job description**
-------------------


**About Us**
At CoverGo, our mission is to empower all insurance companies to make insurance 100% digital and accessible to everyone.* We are a leading global no\-code insurance platform for health, life, and P\&C
* We’re the winner of the Insurtech of the Year in all of Asia and other awards globally
* We work with insurance enterprise clients such as AXA, Bupa, MSIG, Dai\-ichi, Bank of China Group Insurance, and many more
* We're an international, diverse team of over 120 people with 30 nationalities and team members working remotely from all over the world
* We are fully funded and backed by reputable VC funds and strategic institutional investors
* We have a global presence in Asia, EMEA and the Americas
* We’ve grown our annualized revenue by over 30x since January 2021
* We’re constantly working towards making CoverGo a workplace that you love coming to. We deeply believe that bringing together a diversity of thoughts, expressions, and perspectives is key to building the best culture for equally diverse communities all over the world

**What You Will Do:*** Work with clients and technical resources to identify their business problems and develop the right approach and analytical solution
* Plan and design simple to semi\-complex business processes and system modifications
* Make recommendations to improve and support business activities
* Gather business requirements through a variety of techniques such as work sessions and interviews then analyze and document client complex business requirements and processes; communicate these requirements to appropriate parties
* Create complex test case scenarios to be used in testing; monitor/oversee the testing of business applications to verify that all client requirements are incorporated into the system design
* Develop business requirements documents/user stories to support the required modifications
* May plan, allocate and monitor work of other business analysts
* Understand simple to complex systems and related data to surface actionable insights, demonstrate sound judgment and decision\-making skills
* Assist in providing time estimates for project related tasks
* Aid in updating process and procedural documentation
* Develop basic understanding of technical development cycle of mobile application or web portals
* Support QA, UAT and Release phases of the project via defect analysis, change maintenance, etc.
* Any other task that may be assigned


**Your skills and experience**
------------------------------


* Minimum 5 years of experience as Business Analyst
* A degree in Business, IT or any relevant field
* Previous experience working in the insurance industry is required (Insurtech or health insurance experience is preferred)
* Health Insurance\-related domain certification from INS/LOMA or III is an added advantage
* Knowledge of business analysis concepts of defining requirements, translating to technical solutions, and Agile approach to prioritizing work to epics, sprints
* Business analysis skills including facilitation, process documentation, requirements gathering and user acceptance testing
* Good organizational/time management skills to prioritize work and meet deadlines within defined timeframes
* Experience in an Agile and/or Scrum environment is a must
* Basic knowledge in generating process documentation, and document system functionality, data integration, and workflow
* Excellent written and verbal communication skills in English
* Currently based in Vietnam


**Why you'll love working here**
--------------------------------


* Flexible Leave
* International Environment
* Competitive renumeration package
* Performance Bonus
* Company activities and events
* Learning and development plan
* Annual Health Check\-up",IT Support,2026-08-05
"Head of Global Trade Solutions, Vietnam",HSBC,"Thành phố Hồ Chí Minh, SG, VN",indeed,https://vn.indeed.com/viewjob?jk=500cdeda86f1d4a8,"**Some careers have more impact than others.**

  

If you’re looking for a role where you can continue to make an impression, take the next step at HSBC where your contributions will always be valued.

 **Job Purpose**

  

The role requires the individual to lead the Global Trade Solutions (GTS) team which reports directly to CEO and Head of Banking in Vietnam on an entity basis and to Regional Head of SEA Cluster, GTS on a functional basis. The team consist of staff across Sales, Operations, Product, Risk, Implementation and Client Services. The scope of the role is to cover for clients spread across Global Corporates, International Mid Market, Global Network Banking and Institutional Client Group segments. The role entails driving business, new initiatives and employee performance management. Key objectives are listed below.  

* Drive and deliver revenue and PBT growth, achieve FRP targets and maximise the financial contribution, RoRWA and Economic Profit (in line with entity specific targets where relevant) of the GTS business in Vietnam
* Drive the delivery of a comprehensive and competitive suite of GTS solutions, delivered through a range of delivery channels by executing a commercially focused product management strategy, which aligns with the propositional requirements of the Customer Groups
* Lead the development and execution of a high quality client\-centric service culture that delivers superior post\-sales support to clients across the range of GTS products in Vietnam
* Position HSBC as the leading GTS bank in Vietnam by developing an appropriate marketing strategy to ensure that HSBC is ranked number one in all significant trade providers’ surveys across the country
* Lead the creation of appropriate operating budgets and track performance of country GTS teams against Performance Scorecards and ensure strategic alignment with Global and Country imperatives
* Take responsibility for running a globally \& locally compliant GTS business which meets changing regulatory requirements and ensures reputational risk impact is mitigated or minimised
* Optimise the use of GTS resources across the country, by developing and monitoring appropriate MI to manage the use of resources including people, premises and systems
* Strive for class\-leading customer experience by cultivating a consistent selling and relationship management culture
* Establish metrics and ensure effective tracking of HSBC’s competitor offerings and performance versus HSBC
* Deepen customer relationships through championing business co\-operation with key stakeholders including Coverage, GPS, MSS, IWPB and Risk Stewards and ensure strong network with key external stakeholders such as regulatory bodies, business associations and IT vendors etc.
* Drive a high performance culture through effective people management activities and drive up employee engagement by taking action against agreed priorities in identified action plans
* Encourage cross\-country and cross\-business teamwork by sharing best practices
* Maintain and observe all HSBC control standards and implement and observe the Group Compliance Policy, including the timely implementation of recommendations made by internal/external auditors and external regulators
* Implement the Group compliance policy locally by containing compliance risk in liaison with the Group Compliance Officer, Area Compliance Officer and Local Compliance Officers, ensuring adequate compliance resources and training

  

**The role holder will implement the Group Compliance policy locally and adhere to all relevant processes / procedures in respect of new business initiatives.**

 **Local Job Requirements**

**Certifications, Qualifications \& Experience**

  

* A tertiary qualification in a relevant discipline
* Broad commercial banking and relationship management experience including an in\-depth knowledge of the GTS business on a global basis
* Highly developed management skills, with experience in team building and managing a wide range of entity\-wide projects
* Ability to lead and motivate other managers and staff, employing appropriate management styles and in\-line with HSBC’s principles
* Highly developed communication and influencing skills set
* Experience of managing resources to achieve objectives using appropriate communication, delegation and planning skills
* Ability to use strong judgmental skills to identify and resolve problems whilst maintaining budgets, time scales and quality of output
* A sound knowledge of all aspects of the CIB business
* An ability to appreciate the application of technology in relation to operations

 **Opening up a world of opportunity**

  

http://www.hsbc.com/careers

  

HSBC is committed to building a culture where all employees are valued, respected and opinions count. We take pride in providing a workplace that fosters continuous professional developmenat, flexible working and opportunities to grow within an inclusive and diverse environment. Personal data held by the Bank relating to employment applications will be used in accordance with our Privacy Statement, which is available on our website.

  

Issued by The Hongkong and Shanghai Banking Corporation Limited.",IT Support,2026-08-05
Manager Supply Chain,Thermo Fisher Scientific,"Thành phố Hồ Chí Minh, SG, VN",indeed,https://vn.indeed.com/viewjob?jk=cef72ce107c5711b,"**Work Schedule**


Standard (Mon\-Fri)**Environmental Conditions**


Office**Job Description**


About Us Our mission is to enable our customers to make the world healthier, cleaner and safer. All of our employees share a common set of values \- Integrity, Intensity, Innovation and Involvement. Job Description In this exciting role, you will be part of the Thermo Fisher Vietnam organization build out, heading the implementation of the operations strategy to support for our local customers and partners. Your key responsibilities (including but not limited to): Partner with Local Commercial, Finance, Legal, Regulatory teams, and Regional/Global Supply Chain and Customer service teams to le driving a consistent customer experience to ensure the appropriate infrastructure, people and processes are in place to support Vietnam GTM strategy Develop \& Implement Indonesia Quote to Cash \& Procure to Pay processes, starting from receiving customer inquiries until final shipment to customer, and all operational processes and communication with customers and internal partners between those points System Savvy, High Levels of familiarity with SAP (S/4Hana Preferred) as it relates to Q2C, P2P, distribution, and transportation processes Implement Vietnam logistics and warehousing strategy, coordinating with 4PL warehouses and freight forwarders to set up and enable processes for activities such as product importation, local inventory storage, inbound/outbound handling, and transportation to domestic customers Partner with legal, regulatory, commercial, trade compliance, freight forwarders, and Indonesia local customs put in place processes and procedures which facilitate product importation Process first customer sales orders and develop operational team to support business growth trajectory in sustainable manor Cost \& Business Annual Planning for Supply Chain Expenses, accountability for OpEx, Freight \& Duties, optimizing within budget Responsible for prudent inventory management – DOS, Net $, E\&O, scrapping \& obsolesce Management of the entire customer order backlog, ensuring timely responses, customer feedback, and processing of customer orders through order booking, product delivery, complaints, etc, Partner with commercial team to understand local stocking requirements, implement local planning processes and inventory Compliance (statutory, regulatory, business specific) in everything that we do in E2E Supply Chain Champion Quality, Safety, EHS, Cybersecurity etc., across the organization Implement, track, report, and improve upon key performance metrics Qualifications: • 7\-10 years\+ experience cutting across multiple supply chain functions such as customer service, purchasing, procurement, logistics, distribution, planning, etc • Proficiency in both English, and Vietnamese languages • BA/BS degree in Supply Chain Management, or Business Administration preferred. Other similar majors may be considered in conjunction with relevant on the job experience • Familiarity with Indonesian Import / Customs requirements and processes, as well as product specific regulations • Demonstrated ability to work with external 4PL providers to facilitate operations, control, optimize cost • Experience in Life Sciences, Bio\-tech, or Pharmaceutical Industry, with medical devices, cold chain, dangerous goods preferred • System/IT savvy, experience working with SAP is a must, preferably S4/Hana • ERP Deployment experience preferred OTHER SKILLS AND ABILITIES • Compliance Champion – Integrity at the center of everything we do • Comfortable when working under ambiguity in a matrixed organization • Very strong sense of personal ownership, self accountability, strong in driving operations • High energy and the ability to thrive in a fast\-paced environment with aspirational objectives • Ability to work in a multi\-cultural environment, at times across time zones Join us in making a meaningful impact. Apply today to become a part of our team!",IT Support,2026-08-05
"Senior .NET Developer (Mortgage Systems, English)",Topicus Vietnam,"Thành phố Hồ Chí Minh, SG, VN",indeed,https://vn.indeed.com/viewjob?jk=87d88a0a1e74977a,"**Top 3 reasons to join us**
----------------------------


* Dynamic and international working environment
* Hybrid working model and good work\-life balance
* Attractive salary and benefits
**Job description**
-------------------


**About Us**
At Topicus, we believe IT should serve society. From healthcare and education to finance, our solutions empower millions of people every day by turning complex challenges into user\-friendly platforms. We don't just build software; we increase self\-reliance and reduce vulnerability for citizens worldwide.  

With a team of over 1,800\+ ""Topicans"" across Southeast Asia (Vietnam \& Thailand) and Europe (the Netherlands, Romania, Portugal, and Iceland), we are constantly expanding our horizons. Our ambition reaches far beyond Europe, driven by a shared mission to make a meaningful difference. **About the Role**
We are seeking a **Senior .NET Developer** with a minimum of 5 years of professional experience in .NET development. Successful candidates will join our international team and contribute to the development of our Akkuro Mortgage platform (). This role involves close collaboration with team members in both Vietnam and the Netherlands, providing a dynamic and culturally diverse work environment. **Key Responsibilities*** Design, develop, and maintain .NET applications with a focus on technical excellence.
* Collaborate effectively with international team members to deliver high\-quality software solutions.
* Participate in code reviews to ensure adherence to coding standards and best practices.
* Troubleshoot and resolve technical issues to ensure smooth project execution.
* Create and maintain clear and comprehensive technical documentation.
* Support team members through coaching and leadership, ensuring a high\-performing and motivated team.

**Frameworks and Tools Used*** .NET Framework, .NET 8
* Entity Framework
* Web API
* Dependency Injection (Autofac)
* NServiceBus
* NHibernate
* Azure Pipelines
* Helm Charts


**Your skills and experience**
------------------------------


* Bachelor's degree in Computer Science, Information Technology, or a related field.
* Strong English communication skills, both written and verbal.
* Minimum of 5 years of experience in .NET development.
* Proficiency in C\# and the .NET framework.
* Experience with SQL databases.
* Strong understanding of object\-oriented programming principles.
* Excellent problem\-solving skills and attention to detail.
* Effective communication and teamwork abilities.
* Experience leading a team.
* Experience with Azure DevOps and Azure Pipelines is a plus.
* Experience working in an international team is a plus.


**Why you'll love working here**
--------------------------------


* Attractive salary (annual salary review).
* Fixed 13th\-month salary and performance bonus.
* Full salary during probation and full coverage of social insurance.
* Hybrid working model and good work\-life balance.
* Premium healthcare (with annual health check\-up).
* 16 days of annual leave per year.
* 5 paid sick leave days.
* Dynamic and international English\-speaking working environment.
* Regular gatherings (happy hour, bimonthly dinner, social events, etc.).
* Annual company trip.
* Fully stocked pantry with coffee and snacks.
* Budget for team activities.
* Supportive and diverse work environment that promotes continuous learning.
* Opportunity for traveling and training in the Netherlands.",IT Support,2026-08-05
Brand Marketing Specialist,HAN GROUP,"Thành phố Hồ Chí Minh, SG, VN",indeed,https://vn.indeed.com/viewjob?jk=a8b1150ed0e84ad4,"**Planning**

* Prepare Deployment master for all activities with BM
* Content planning across all brands social channels \& medias
* Prepare checklist \& timeline for Offline activation \& engagement
* Prepare Calendar for Brands activities
* Prepare Brands brief to internal MKT teams includes: DP, Creatives; Digital \& PNS

**Deployment**

  

* Prepare contents includes all brands social posts \& media content
* Work with Media such as Magazines, KOL/KOC, Communities across platforms
* Produce brands social videos.
* Deploy offline activities follow checklist \& timeline working with other dept
* Work with Procurement \& Suppliers for productions, services,
* Follow tasks delegated by BM
* Work with Brands stakeholders to deploy offline activities; activations
* Prepare Paperwork related to payments, services, with Ope team
* Reporting: Support Ope to produce WIP, BOD \& Quarter reports

**What to expect**

* Ability to adapt to changing priorities in a fast\-paced, dynamic environment
* Strong attention to detail and ability to follow through with a high level of accuracy
* The environment is young, dynamic and increasingly multicultural. It's a work\-hard, play\-hard culture.

**Requirements:**

  

* Positive team player with ability to collaborate with multi\-levels
* 03 years of experience in Marketing, Events, Agency, team building or related fields
* University, college graduates in related fields. Major or qualification in hospitality, FnB.
* Must be willing to travel and may work nights/weekends/holidays.
* Excellent time\-management, organizational, and prioritization skills.
* Ability to form checklist \& follow up with checklist
* Ability to research of new ideas \& propose new idea
* Good connection with vendor of productions or design
* Good presentation \& communication skills
* Vietnamese, English is a plus

**Compensation \& Benefit:**

* Office at 87A Ham Nghi Street, District 1, HCM
* Join one of Vietnam's largest and most prestigious companies in the nightlife sector
* Be a leader in the thriving lifestyle scene of Vietnam
* Work with a young, dynamic, and creative team
* Explore diverse career opportunities in nightlife, food and beverage, and luxury retail industries
* Enjoy an attractive income and investment opportunities
* Participate in annual team\-building activities and a grand year\-end event
* Benefit from annual performance reviews",IT Support,2026-08-05
Software Developer,Azeus Systems Limited,"Thành phố Hồ Chí Minh, SG, VN",indeed,https://vn.indeed.com/viewjob?jk=59f93acdf0aeb126,"* **Responsibilities:**  

Full stack systems development
* Technical investigation/research, risk assessment, estimation, and recommendation
* Development of prototypes and proof\-of\-concept applications for technical proposals and demos
* Program documentation
* Product maintenance, support, and enhancement
* Troubleshoot and debug existing systems
* System migration and upgrade

**Qualifications:**

* Bachelors degree in Computer Sciences, Computer Engineering, or any course related to Information Technology, Engineering, and Mathematics.
* Excellent programming and problem\-solving skills
* Ability to develop software in Java or other enterprise programming languages
* Ability to contribute to different phases of the software development life cycle (SDLC) or product development
* Ability to communicate in English, verbal and written, in a concise and clear manner
* Fast learner, detail\-oriented
* Able to work under pressure
* Self\-managing and able to collaborate with offsite team members
* Can render extra hours whenever necessary
* **(Fresh graduates are encouraged to apply)**

**What's in it for you:**

* Competitive salary package
* Exposure to a variety of technologies and roles
* Abundant opportunities to upskill and grow on the job
* Being part of a global team of competent IT professionals
* Being part of the companys continuous growth and R\&D on new technologies
* An environment focused on quality and streamlined processes: CMMI Level 5
* Family\-like work environment
* Semi\-flexible work schedule",IT Support,2026-08-05
Lead Systems Support Engineer,Thoughtworks,"Ho Chi Minh City, Vietnam",linkedin,https://www.linkedin.com/jobs/view/4438300297,,IT Support,2026-07-31
Senior IT Infrastructure Engineer (IT & OT),Bosch Vietnam,"Long Thành, Dong Nai, Vietnam",linkedin,https://www.linkedin.com/jobs/view/4444822851,,IT Support,2026-07-26
Assistant Manager Tech Infrastructure,adidas,"Củ Chi, Ho Chi Minh City, Vietnam",linkedin,https://www.linkedin.com/jobs/view/4405512082,,IT Support,2026-07-23
Senior Tech Operations Specialist (all genders),Distribusion Technologies,"Ho Chi Minh City, Vietnam",linkedin,https://www.linkedin.com/jobs/view/4449647829,,IT Support,
Senior Backend Engineer (Python Prefer/Java/Golang/PHP/Ruby),Larion,"Thành phố Hồ Chí Minh, SG, VN",indeed,https://vn.indeed.com/viewjob?jk=83acea8cfabae283,"Software Engineering


Full Time


Ho Chi Minh

  

**LARION**, a global software outsourcing partner with nearly 2 decades deep industry expertise. We are a 100% Vietnam technology company specializing in turnkey solutions and building highly skilled development teams for companies of all size and types of business. Run by a team of successful entrepreneurs and dedicated technical experts – **LARION** is a unique symphony where we create a frictionless future for customers with passion, while maintaining full compliance with your needs and objectives.


**I.** **What You’ll Do**


We’re seeking an experienced backend engineer with full\-stack capabilities to join our development team. This role primarily focuses on backend systems while requiring a comprehensive understanding of web architecture and application design principles.


* Design, develop, and optimize backend systems and services
* Architect and maintain database solutions that meet performance and reliability requirements
* Implement efficient network communications and API endpoints
* Collaborate with frontend developers, ensuring seamless integration between systems
* Apply CS fundamentals to solve complex technical challenges
* Contribute to technical decision\-making and architectural discussions
* Mentor junior engineers and promote engineering best practices

**II. What You’ll Bring**


* **Must\-have:**


* 5\+ years of professional software development experience, with a strong focus on backend systems
* Extensive experience in at least one server\-side framework: Python, Java, PHP, Ruby on Rails, etc
* Strong Computer Science fundamentals, including data structures, algorithms, system design, and software architecture
* Database expertise: deep understanding of database systems, schema design, query optimization, and data modeling
* Networking knowledge: solid understanding of network protocols, API design, and secure communication
* Full\-stack awareness: familiarity with modern web architecture and frontend technologies, and how components interact across the stack
* Proven ability to design and build scalable, maintainable, and high\-quality systems
* Strong analytical thinking and problem\-solving skills
* Good English communication skills, able to discuss technical topics and collaborate effectively with international teams
* **Nice\-to\-have:**


* Experience developing and maintaining production\-grade Python applications
* Experience with distributed systems / large\-scale architectures
* Familiarity with containerization and orchestration tools (e.g., Docker, Kubernetes)
* Experience in performance optimization and system scalability
* Track record of contributing to complex or high\-impact technical projects

**III. Why You’ll Love Working Here**


**Workplace**


* Join a young and dynamic team with awesome projects applying the latest technology.
* Working with specialists from all over the world provides you with a fantastic opportunity to expand your skill set.
* Culture of openness and honesty in which individuals are respected and encouraged to achieve their full potential.

**Benefits Comprise**


* 13th\-month salary and attractive performance bonuses.
* Flexible hybrid working model (2 days work from everywhere a week).
* Premium Healthcare and Accident insurance.
* Annual health check package.
* Lunch allowance, Free parking.
* Advanced technical, English, and soft skills training to assist your career development.
* Annual Company trip and Teambuilding.
* Engaging monthly events: Happy Gathering, Mini Game, Birthday Celebration, Party, etc.
* A spacious and fully equipped pantry for your most comfortable mealtime.
* A wide range of sport and social activities: Football, Badminton, Running, Yoga, Tech clubs, Charity, etc.
* Chance to be honored quarterly and annually with recognition awards for individuals, teams, seniority, etc.
* Company supporting funds to ease your personal loans of Home, Vehicle, Tuition, etc.

**Location:** QTSC 1 Building, Quang Trung Software City, Trung My Tay Ward (District 12\), Ho Chi Minh City.


**Working Time:** 08:30 AM – 06:00 PM from Monday to Friday (Lunch break 1\.5 hours).",Junior Network Engineer,2026-08-06
Software Engineering,DXC Technology,"Thành phố Hồ Chí Minh, SG, VN",indeed,https://vn.indeed.com/viewjob?jk=240b973c8c1bc740,"**Job Description:**

**Essential Job Functions:** • Collaborate with the software development team to design, code, and test software solutions, with a focus on developing and maintaining critical components. • Work with senior team members to meet project requirements and deadlines, actively participating in design and code reviews. • Contribute to troubleshooting and problem\-solving in software development, diagnosing and resolving complex technical issues. • Participate in the development and documentation of software requirements and specifications. • Debug and resolve complex production issues, working closely with senior engineers and support teams. • Stay updated on emerging technologies and best practices, researching and proposing innovative solutions. • Assist in mentoring and guiding junior team members, sharing knowledge and expertise. • Take ownership of challenging technical tasks and collaborate on architectural decisions.
  

  

**Basic Qualifications:** • Bachelor's degree in a relevant field (i.e., Computer Science) or equivalent combination of education and experience • Typically, 4\+ years of relevant work experience in industry, with a minimum of 1\+ years in a similar role years of relevant software engineering experience • Proficiency in 1 or more software languages and development methodologies • Proficiency in coding and debugging complex software components • Familiarity with software development practices and methodologies • Strong problem\-solving and analytical skills • Effective communication and teamwork abilities • Eagerness to learn and adapt to challenging technical tasks **Other Qualifications:** • Advanced degree in a related field is a plus • Relevant certifications or training a plus
At DXC Technology, we believe strong connections and community are key to our success. Our work model prioritizes in\-person collaboration while offering flexibility to support wellbeing, productivity, individual work styles, and life circumstances. We’re committed to fostering an inclusive environment where everyone can thrive.


**Recruitment fraud is a scheme in which fictitious job opportunities are offered to job seekers typically through online services, such as false websites, or through unsolicited emails claiming to be from the company. These emails may request recipients to provide personal information or to make payments as part of their illegitimate recruiting process. DXC does not make offers of employment via social media networks and DXC never asks for any money or payments from applicants at any point in the recruitment process, nor ask a job seeker to purchase IT or other equipment on our behalf.**",Junior Network Engineer,2026-08-05
Senior Golang Engineer (Backend),NAB Innovation Centre Vietnam,"Thành phố Hồ Chí Minh, SG, VN",indeed,https://vn.indeed.com/viewjob?jk=a6f2aa11e79ee472,"**Top 3 reasons to join us**
----------------------------


* Very competitive remuneration package
* Build products for millions of users in Australia
* Hybrid and flexible working environment
**Job description**
-------------------



You'll participate in the direction of the company and products, you'll be part of a small team where everyone has a voice.
As a Senior **Software Engineer** atBanked you'll be building our core API products and back\-end services. You'll use Go and its ecosystem to deliver event driven, composable and distributed systems that can be consumed either directly by our customers or by other engineers at Banked. You'll also build resilient integrations with some of our external partners and their APIs, building the core functionality of our products. **YOUR JOB RESPONSIBILITIES*** Work with other engineers, product managers and designers across the company to prioritise, build, measure and iterate over new features or products
* Be part of the team responsible for building products for merchants/partners and consumers on top of our new payment network
* Build services and software that's fast, resilient and and meets our challenging scale, integrity and security needs
* Build event based, REST based or RPC based interfaces that are consumed by engineers on other teams or by our customers
* Improve engineering standards, tooling and processes as we grow
* Mentor and help grow your peers and junior engineers, as well as be open to feedback and mentoring from those around you .
* Fulfil other tasks as assigned by your People Leader and/or authorized representative of NAB Vietnam from time to time.


**Your skills and experience**
------------------------------


**YOUR SKILL AND EXPERIENCE*** From **7\+ years of experience** as a Golang Engineer in a complex, enterprise\-level development environment
* Significant experience in communicating and working with software teams, and working towards building inclusive, fun environments
* The **ability to reason intelligently** about complex, uncertain problems and reduce them down to clean, simple abstractions through well designed systems
* A track record of **taking software end\-to\-end**, from inception working alongside product managers and designers to production and beyond
* A track record of **developing for system maintainability** and **ease of operation**
* Experience developing **distributed, reliable and resilient systems**
* Substantial experience in Go, alongside a number of other languages
* Fluent English skills.


**Why you'll love working here**
--------------------------------


**THE BENEFITS AND PERKS****1\. Generous compensation and benefit package*** Attractive salary and benefits
* 20\-day annual leave and 7\-day sick leave, etc.
* 13th month salary and Annual Performance Bonus
* Premium healthcare for yourself and family members
* Monthly allowance for team activities
* Premium welcome kit and frequent appreciation gifts
* Extra benefits for long\-term employees

**2\. Exciting career and development opportunities*** Large scale products with modern technologies in banking domain
* Clear roadmap for career advancement in both technical and leadership pathways
* Well\-structured learning and development programs (technical and soft skills)
* Sponsored certificates in both IT and banking/finance
* Premium account on Udemy
* English learning with native teachers
* Opportunity for traveling \& training in Australia

**3\. Professional and engaging working environment*** Hybrid working model and good work\-life balance
* Well\-equipped \& modern Agile office with fully stocked pantry
* Special programs to improve your physical and mental health
* Annual company trip and events
* A solid talented team behind you – great people who love what they do

**If this excites you, let's have a chat over a cup of coffee!**",Junior Network Engineer,2026-08-05
Senior QA – Game Tester [KB],,"Thành phố Hồ Chí Minh, SG, VN",indeed,https://vn.indeed.com/viewjob?jk=4934aa30cd799ed6,"*Ready to take your career to the next level? Apply now and be part of our exciting journey!*

* ***Salary Range: 15,000,000 \- 25,000,000m net***

My client is Studio, based in Singapore

We are seeking an experienced talent to join our dynamic team in the cutting\-edge HTML5 game development industry. The ideal candidate will have a strong background in leading game development teams, architecting innovative gaming solutions, and delivering high\-quality, engaging digital experiences.

We believe in forging respectful and mutually beneficial working relationships with our partners, we tap into the collective wisdom of the industry to critically design products that satisfy the needs of the market. We encourage conversation and sharing within and without the company, keeping ourselves informed, searching and discussing trends and patterns so that we may critically address our audience with thoughtful products.

***What You Will Do***

As a **Senior QA – Game Tester**, you will play a key role in our Quality Assurance team, responsible for ensuring the quality of our flagship mobile games.

Your responsibilities include:

* Participate in the entire QA process to ensure the quality of mobile game products based on project requirements and testing checklists.
* Develop test plans and design, execute, and maintain various types of test cases, including functional, performance, compatibility, and network/low\-bandwidth testing.
* Collaborate closely with Producers, Developers, and Game Designers across our offices in Singapore, Kuala Lumpur, and Ho Chi Minh City.
* Identify, document, report, and track software defects using bug management tools such as Jira and Trello.
* Lead a small QA team by assigning tasks, monitoring progress, and ensuring timely delivery.
* Mentor and train junior QA members on testing processes, best practices, and technical skills.

***What We’re Looking For***

We are looking for a passionate gamer with solid experience in software quality assurance.

Requirements

* 3–4 years of experience as a QA Engineer in the gaming industry.
* Strong understanding of Software Quality Assurance methodologies, processes, and best practices.
* Hands\-on experience with bug tracking tools such as Jira and Trello.
* Experience with API testing tools (Postman) and automation testing frameworks (Cypress, Selenium) is a strong advantage.
* Excellent leadership, mentoring, communication, and teamwork skills.
* Passion for gaming with broad knowledge of various game genres.
* Proactive mindset with a strong willingness to learn and a positive ""can\-do, can\-learn"" attitude.

***Why You'll Love Working Here***

* Attractive Salary: We pay a salary that matches your capacity, 13th month salary and bonus according to project
* Annual bonus: Bonus based on the company's business situation
* Social Insurance contribution equal to 100% of the salary and other regimes will follow State regulations
* Regular health check\-up once a year
* An inspiring working environment in which together we create the best games in the future.
* A driven team and dynamic career opportunities help you to develop both personally and professionally.
* Flat Organization Structure: You get to work in an open climate, close to decision\-makers and with the possibility of making a difference
* Agile Methodologies Framework: You will find constant collaboration and working in iterations.
* Team building, member birthday party, weekly connecting activities, etc

***Location and Working Hour:*** 

* Location: District 3, HCMC
* Working hour: 9h \- 18h on Monday \- Friday

Job Type: Full\-time

Pay: 15,000,000₫ \- 20,000,000₫ per hour

Work Location: In person",Junior Network Engineer,2026-08-05
Platform Engineer - Senior,Công Ty TNHH Datum Consulting Vn,"Thành phố Hồ Chí Minh, SG, VN",indeed,https://vn.indeed.com/viewjob?jk=2f30add2e3c27f68,"**Mô tả công việc:**


(Mức lương: Thỏa thuận)* **Position Purpose**
* We are seeking a Senior Platform Engineer to lead technical execution across cloud transformation engagements in Asia\-Pacific. In this role, you will design and own enterprise\-grade platform architectures, drive DevSecOps practices, and mentor junior engineers \- operating as an architect\-operator who owns outcomes across multi\-account AWS environments, production Kubernetes clusters, and service mesh deployments. You will also contribute to client\-facing consulting: leading workshops, producing architectural decision records, and supporting pre\-sales.
* **Responsibilities**
* ***1\. Platform Architecture \& Engineering***
* Design and implement cloud\-based platform solutions tailored to banking industry requirements.
* Design and own multi\-account AWS architectures \- Landing Zone, Control Tower, Service Control Policies, account vending.
* Architect and operate production EKS clusters \- autoscaling, node pools, managed add\-ons, upgrade strategies.
* Design and implement Service Mesh (Istio) \- traffic management, mTLS, observability, multi\-cluster federation.
* Lead Hybrid Cloud integration designs (AWS \+ Azure).
* Drive FinOps practices \- cost visibility, chargeback models, right\-sizing.
* Architect disaster recovery and high\-availability strategies for banking\-grade SLAs.
* ***2\. DevSecOps \& Automation***
* Build and maintain enterprise CI/CD platforms \- GitOps with ArgoCD, GitHub Actions, GitLab CI, pipeline\-as\-code, self\-hosted runners. Implement IaC and config management at enterprise scale including Terraform module design, remote state management, drift detection, environment consistency, automated provisioning.
* Implement Policy\-as\-Code (OPA/Kyverno) and automated compliance gates.
* Operationalize DevSecOps pipelines \- SAST (SonarQube), SCA (Dependabot/Trivy), DAST, container image scanning (Trivy/Qualys).
* Manage secrets at scale \- HashiCorp Vault, AWS Secrets Manager, Kubernetes integration, External Secrets.
* ***3\. Observability \& Reliability***
* Architect full\-stack observability \- Datadog, Grafana LGTM (Loki, Mimir, Tempo).
* Define SLIs/SLOs and drive SRE practices across client teams.
* Own incident response runbooks, war room facilitation, and post\-mortem culture.
* ***4\. Client Delivery \& Consulting***
* Lead technical workshops, architecture reviews, and design sessions with client stakeholders.
* Produce ADRs, solution design documents, and client\-facing runbooks.
* Translate business requirements into platform architectures with clear trade\-off documentation.
* Mentor Junior and Mid\-level engineers on engagements.
* Support pre\-sales \- technical scoping, effort estimation, solution pitching

**Chức vụ:** Nhân Viên/Chuyên Viên

**Hình thức làm việc:** Toàn thời gian

**Quyền lợi được hưởng:**

* **Compensation \& Benefits**
* Salary: Competitive and negotiable based on qualifications, experience, and overall fit.
* Participation in statutory social insurance, health insurance, and unemployment insurance in accordance with Vietnamese labor regulations.
* Performance\-based bonuses, holiday bonuses, and other employee benefits in accordance with the Company's policies.
* Excellent opportunities for professional development and career advancement in a professional, transparent, and collaborative work environment

**Yêu cầu bằng cấp (tối thiểu):** Cao Đẳng

**Yêu cầu công việc:**

* **Requirements**
* ***1\. Education***
* Diploma or Bachelor's degree in Computer Science, Information Technology or a related field.
* ***2\. Experience***
* Minimum of 4 years in platform engineering, DevOps, or cloud infrastructure.
* Deep AWS expertise \- EKS, VPC, IAM, KMS, GuardDuty, SecurityHub, Config, Control Tower, Organizations.
* Production Kubernetes \- cluster operations, RBAC, CNI, CSI, autoscaling.
* Ansible/Terraform \- IaC authoring, state management, config management, CI/CD integration.
* Service mesh (Istio) \- traffic policies, mTLS, observability.
* GitOps with ArgoCD, GitHub Actions, or GitLab CI \- pipelines, app\-of\-apps, progressive delivery.
* Advanced Linux administration \- performance tuning, security hardening, networking.
* Security\-first mindset \- IAM least privilege, image hardening, secrets management, network policies.
* AI\-assisted development tools (e.g. Kiro, Claude, Codex) \- daily use for coding, scripting, documentation.
* English: B2 or higher \- client presentations and written deliverables.
* ***3\. Nice to Have***
* Banking or financial services background \- regulatory compliance, audit, change management.
* AWS certifications \- Solutions Architect Professional and/or Security Specialty.
* CKA or CKS certification.
* Datadog Certified Professional.
* NIST, CIS Benchmark, OWASP, PCI\-DSS, or SOC2 compliance experience.
* Multi\-cloud experience (Azure AKS, GKE).
* AI/ML \& MLOps platform exposure \- SageMaker, MLflow, Kubeflow, vector DBs, LLM gateways, GPU compute on AWS.

**Yêu cầu giới tính:** Nam/Nữ

**Ngành nghề:** DevOps \- Cloud,Dữ Liệu \- AI \- Học Máy,Hạ Tầng \- Mạng,Lập Trình \- Phát Triển Phần Mềm,Phần Cứng \- Lập Trình Nhúng


  

Cao Đẳng
  

4 \- 5 năm",Junior Network Engineer,2026-08-03
Senior Embedded Software Engineer II,Axon,"Thành phố Hồ Chí Minh, SG, VN",indeed,https://vn.indeed.com/viewjob?jk=d31eeed084cda2a9,"#### **Join Axon and be a Force for Good.**



At Axon, we're on a mission to Protect Life. We're explorers, pursuing society's most critical safety and justice issues with our ecosystem of devices and cloud software. Like our products, we work better together. We connect with candor and care, seeking out diverse perspectives from our customers, communities and each other.  

  

Life at Axon is fast\-paced, challenging and meaningful. Here, you'll take ownership and drive real change. Constantly grow as you work hard for a mission that matters at a company where you matter.

### **Your Impact**



As a Senior Software Engineer II on our Connected Devices team, you will set the technical direction for embedded software that powers Axon's next generation of public safety devices, including body\-worn cameras, in\-car cameras and the related devices. You will shape architecture decisions that directly impact mission\-critical moments for law enforcement and first responders around the world.  

  

You bring deep expertise in embedded systems and a strong ability to translate product and business goals into engineering strategy. You thrive at the intersection of technical leadership and mentorship, guiding engineers around you while driving the squad's roadmap and raising the quality bar across the team. Join a passionate, mission\-driven group of engineers committed to making the world safer.


### **What You'll Do**


**Location:** This role is based out of our Ho Chi Minh Office and follows a hybrid schedule. We rely on in\-person collaboration and ask that team members work onsite Tuesdays through Fridays, with the flexibility to work remotely on Mondays, unless there is an approved workplace accommodation. We believe that connection fuels innovation, and our in\-office culture is designed to foster meaningful teamwork, mentorship, and shared success.  

  

**Reports to:** Sr. Engineering Manager / Engineering Director


* Own the technical direction for the squad, translating product goals into a clear engineering strategy and driving architectural decisions for embedded software systems.
* Lead design and architecture reviews for major components, features, and systems, holding a high bar on stability, performance, and safety\-critical quality.
* Write well\-tested, maintainable code and lead technical design and code reviews that elevate standards across the team.
* Mentor and coach middle and senior engineers, actively growing the next generation of technical leaders on the team.
* Drive AI\-assisted development practices within the squad, establishing quality gates, review protocols, and reusable workflows that make AI adoption practical and safe.
* Collaborate closely with Product Management, Design, and cross\-functional Engineering teams to deliver integrated solutions that delight customers.
* Identify and integrate the latest open source technologies to advance product capabilities while maintaining reliability in a mission\-critical environment.
* Improve engineering processes, including long\-term technical planning, sprint execution, and continuous operational readiness improvements.

### **What You Bring**


#### **Required Skills**


* 10\+ years experience of professional software development in C/C\+\+, Go, Python and/or another systems programming language
* Strong experience developing, debugging, and shipping embedded software on Linux\-based or RTOS\-based devices.
* Demonstrated track record of building well\-tested software, including unit, integration, and system\-level testing.
* 5\+ years mentoring junior team members and/or leading small teams
* Understanding of Computer Science fundamentals in data structures, algorithms, run\-time analysis, object\-oriented design and code quality verification
* Networking knowledge (such as TCP/IP, VPN, DNS, DHCP, tunneling to support a diverse array of network configurations) is a plus

#### **Preferred Qualifications**


* Familiarity with Linux\-based embedded environments and real\-time constraints.
* Experience working on consumer or professional hardware products with tight security, low latency and high stability requirements.
* You follow the latest developments in embedded software and open source technologies, and can distinguish between promising new practices and passing trends.
* Experience using AI\-assisted development tools across the software development lifecycle, with a strong understanding of review, validation, and safety guardrails.

### **Benefits that Benefit You**


* Medical, Dental and Vision Insurance
* Robust Paid Time Off policy
* Bonuses
* Lunch allowance
* Cell phone stipend
* Free LinkedIn Learning account or Udemy account
* Access to 24/7 online emotional and mental support
* Gym membership
* Free parking
* Stocked fridges and pantries \- free coffee, cold beverages, snacks
* Annual Company Outing Trip
* Monthly team social activities


Don't meet every single requirement? That's ok. At Axon, we Aim Far. We think big with a long\-term view because we want to reinvent the world to be a safer, better place. We are also committed to building diverse teams that reflect the communities we serve.



Studies have shown that women and people of color are less likely to apply to jobs unless they check every box in the job description. If you're excited about this role and our mission to Protect Life but your experience doesn't align perfectly with every qualification listed here, we encourage you to apply anyways. You may be just the right candidate for this or other roles.


**Important Notes**


*The above job description is not intended as, nor should it be construed as, exhaustive of all duties, responsibilities, skills, efforts, or working conditions associated with this job. The job description may change or be supplemented at any time in accordance with business needs and conditions.*


*Some roles may also require legal eligibility to work in a firearms environment.*


*We collect personal information from applicants to evaluate candidates for employment. You may request access, deletion, or exercise other CCPA rights at* ***axongreenhousesupport@axon.com*** *or via our* *Axon Privacy Web Form**. For more information, please see the Your California Privacy Rights section of our* *Applicant and Candidate Privacy Notice.*


*Axon's mission is to Protect Life and is committed to the well\-being and safety of its employees as well as Axon's impact on the environment. All Axon employees must be aware of and committed to the appropriate environmental, health, and safety regulations, policies, and procedures. Axon employees are empowered to report safety concerns as they arise and activities potentially impacting the environment.*


*We are an equal opportunity employer that promotes justice, advances equity, values diversity and fosters inclusion. We're committed to hiring the best talent — regardless of race, creed, color, ancestry, religion, sex (including pregnancy), national origin, sexual orientation, age, citizenship status, marital status, disability, gender identity, genetic information, veteran status, or any other characteristic protected by applicable laws, regulations and ordinances — and empowering all of our employees so they can do their best work. If you have a disability or special need that requires assistance or accommodation during the application or the recruiting process, please email* *recruitingops@axon.com.* *Please note that this email address is for accommodation purposes only. Axon will not respond to inquiries for other purposes.*



Phishing alert: Axon will never ask you to pay for any part of the hiring process, including training, equipment, or background checks. We do not make job offers via text message, WhatsApp, or instant messaging platforms without a formal interview process. All legitimate job openings are listed on our official careers page at https://www.axon.com/careers. If you receive a suspicious offer or outreach from an email address that is not **@axon.com**, or if you are asked for sensitive personal information (bank details, Social Security Number) prematurely, please ignore the message and report it to recruitingops@axon.com.",Junior Network Engineer,2026-07-29
Cloud Ops Engineer III - Vietnam,MiTek,"Thành phố Hồ Chí Minh, SG, VN",indeed,https://vn.indeed.com/viewjob?jk=5f26fe18af08b8e4,"**Job Description**
===================


MiTek® is a global provider of building solutions for the residential and commercial construction industries. Utilizing software, services, engineered products, and automated manufacturing equipment, MiTek partners with clients to accelerate their genius and deliver breakthroughs in building.


With a rich 60\-year history and a network of 6,500 team members worldwide, MiTek pairs local expertise with global capabilities. As a Berkshire Hathaway (NYSE: BRK\-A, NYSE: BRK\-B) company since 2001, MiTek has a record of continuous growth and innovation.


Learn more at www.mii.com.

**Cloud Engineer III**

**A Brief Overview**  

This individual will be responsible for deploying, configuring, and maintaining resources in MiTek’s cloud environments. They will accomplish this through the use of industry standard tools such as PowerShell and Terraform. Additionally, they will help administer our Azure DevOps environment, which includes managing permissions, running audits, securing repositories, and creating and maintaining CI/CD pipeline. The role requires the mentoring of junior cloud engineers as well as the ability to lead small and mid\-sized projects.  

  

**What You Will Do:**

**Responsibilities**

* Serve as a cloud support escalation point for the Cloud Engineer I and II team members.
* Support Managed Services offered in Azure
* Apply Azure subscription/tagging standards; uphold least‑privilege and access reviews
* Assist in supporting our external customer AVD environment
* Design and support Azure DevOps pipelines
* Assist in managing our Azure DevOps environment
* Implement and audit Azure DevOps security controls (secure variables, audit logs, service connections, environments)
* Assist the Cloud Architecture team with the implementation of cloud\-based solutions
* Implement our TTO (Transition to Operations) process for new services
* Enforce change control with ServiceNow and ADO release gates/approvals.
* Meet patch SLAs and security baselines
* Validate backup policies and perform restore tests; maintain DR playbooks.
* Mentor Cloud Engineer I/II and create Work Instructions for common tasks

**Qualifications**

* 4\+ years of experience managing and monitoring Azure services
* 4\+ years of experience with Infrastructure as Code (IaC) using Terraform
* 4\+ years of experience with PowerShell, Azure CLI, JSON, or other scripting languages
* 4\+ Years of experience managing source control and work items in DevOps tools such as Azure DevOps or GitHub Enterprise
* 2\+ years of experience writing YAML pipelines
* 2\+ years of experience supporting AVD environments
* Some familiarity with ServiceNow
* Azure Fundamentals (AZ\-900\) \- Microsoft Certified required
* Microsoft Certified Azure Administrator Associate \- Microsoft AZ\-104 preferred
* Proficient in English
* Bachelor’s degree in a related field preferred

**Additional Requirements**

* The role requires working standard Vietnam hours.

 **Soft Skills**  

Must be self\-motivated, team oriented and possess strong communication and interpersonal skills. Candidate should possess strong organizational skills, be detail oriented, and self\-motivated with a demonstrated ability to problem solve. Strong sense of urgency and strong commitment to quality customer service is required. Ability to analyze and interpret data (metrics) to improve the delivery and support of services to our customers. Familiarity with and/or ITIL concepts or certification preferred.

 **Physical Demands**  

This role is performed in an office environment where a computer, telephone and other office equipment are used as needed to perform the duties of the role.",Junior Network Engineer,2026-07-29
"Site Reliability, Sr Staff",Synopsys,"Thành phố Hồ Chí Minh, SG, VN",indeed,https://vn.indeed.com/viewjob?jk=45275811528ca77e,"Site Reliability Engineer, EDA Engineering Compute

**Job Description**
===================


Synopsys is expanding Synopsys.ai alongside traditional EDA engineering compute for semiconductor customers in Vietnam. We are looking for an experienced Unix/Linux infrastructure professional to keep these platforms reliable, secure, and operable in Synopsys sites and at major customer environments (including customer\-hosted, air\-gapped, and high\-security on\-prem deployments).


You will join the regional EDA Engineering Compute / platform operations team working with global IT, AE engineering, and product teams. Your work directly enables R\&D and customer engineering teams to run EDA and GenAI workloads—from HPC batch grids through containerized AI gateways, vector data services, and agent/MCP\-based tool execution on the grid.


The successful candidate will support Synopsys Vietnam engineering compute and data center services, and partner on in\-country deployment and sustainment of the related platform components for key semiconductor accounts.

**How This Role Contributes**
=============================

* Improves availability, operability, and utilization of business\-critical EDA and Synopsys.ai infrastructure in Vietnam.
* Reduces operational risk for customer air\-gapped and customer\-hosted deployments through strong runbooks, monitoring, and incident practices.
* Connects customer HPC schedulers, shared storage, GPU compute, and platform gateways so Synopsys tools and GenAI services run predictably at scale.
* Extends APAC shared\-support coverage with Japan, Korea, Taiwan, and China peers.
**Responsibilities**
====================

**Engineering compute and data center**
---------------------------------------

* Maintain Synopsys Vietnam engineering compute and data center environments per corporate IT, data center, and security standards.
* Support server hardware lifecycle activities: installation, provisioning, maintenance, upgrade planning, retirement, and decommissioning.
* perform capacity planning, performance troubleshooting, and vendor/customer coordination at customer sites.
* Operate and troubleshoot Linux\-based EDA compute: virtualization, engineering resource management, job schedulers, license connectivity, and remote access services.
* Run HPC operations: cluster health, scheduler integration (LSF, Slurm, or similar), InfiniBand where deployed, and performance\-related incidents.
* Collaborate with corporate network and information security on data center connectivity, switching, firewalls, routing, and circuits.
**Synopsys.ai platform operations (customer and Synopsys environments)**
------------------------------------------------------------------------

* Support deployment and day\-2 operations for Synopsys EDA and AI reference patterns in Vietnam: customer\-hosted and air\-gapped container environments, API/AI gateways, LLM gateway integration (cloud or on\-prem inference endpoints per customer policy), and customer\-controlled vector database/GPU compute where applicable.
* Partner on install, upgrade, and configuration of platform components that connect user/agent workflows to the engineering grid—e.g., job services, unified MCP server patterns, and tool execution on LSF/Slurm\-backed clusters (in coordination with products and global platform teams).
* Implement and maintain observability, alerting, authentication/authorization integration (e.g., customer IdP, OIDC/SSO/OAuth patterns), and operational documentation for platform services.
* Support agentic AI platform rollouts where components run locally, centrally, or on the grid; escalate design questions to global architecture and engineering teams.
**Reliability, improvement, and customer engagement**
-----------------------------------------------------

* Own or co\-own runbooks, monitoring/alerting policies, and automation (scripts, IaC, or equivalent) to reduce toil across the APAC team.
* Apply AI\-assisted workflows to improve troubleshooting, knowledge management, and routine operations.
* On\-call and incident response: shared rotation (weekday nights, weekends, and holidays); lead or support incident bridges; produce post\-incident reports in English.
* Customer air\-gapped and on\-site support: planned upgrades, break\-fix, and customer training for isolated HPC and on\-prem AI sites. Travel within Vietnam and APAC as needed (typically 10–20% of time).
* Cross\-regional collaboration: handoffs, documentation, and mentor junior staff where applicable.
**Required Skills and Experience**
==================================

**Technical**
-------------

* 5\+ years in Linux system administration, infrastructure engineering, or production network/storage support.
* Enterprise data center experience: servers, storage, networking, monitoring, and operational processes.
* HPC or EDA engineering compute: Linux clusters, workload schedulers (LSF, Slurm, or similar), and production support.
* Ability to support GPU\-enabled compute and containerized platform services in customer\-controlled environments.
* Familiarity with virtualization, remote access, observability stacks, and infrastructure automation.
* Understanding of secure multi\-tier deployments: gateways, service\-to\-service auth, and operational telemetry (logs, metrics, tracing) for distributed platform components.",Junior Network Engineer,2026-05-18
Glasvezel engineer (junior),Atlas Networks BV,"Ap Bình Son, Ba Ria-Vung Tau, Vietnam",linkedin,https://www.linkedin.com/jobs/view/4447366325,,Junior Network Engineer,2026-08-05
Network Security Audit,Life at Viettel Cyber Security,"Ho Chi Minh City, Ho Chi Minh City, Vietnam",linkedin,https://www.linkedin.com/jobs/view/4449073331,,Junior Network Engineer,2026-08-04
SOC Tier 1,Life at Viettel Cyber Security,"Ho Chi Minh City, Ho Chi Minh City, Vietnam",linkedin,https://www.linkedin.com/jobs/view/4449054850,,Junior Network Engineer,2026-08-04
Hardware Engineer,Gremsy,,linkedin,https://www.linkedin.com/jobs/view/4446738329,,Junior Network Engineer,2026-08-04
Junior Embedded Integration Engineer,HCLTech Vietnam,"Ho Chi Minh City, Vietnam",linkedin,https://www.linkedin.com/jobs/view/4448278779,,Junior Network Engineer,2026-08-04
"Engineer, Infrastructure",Pandora,"Binh Duong, Vietnam",linkedin,https://www.linkedin.com/jobs/view/4437273010,,Junior Network Engineer,2026-08-03
Infrastructure Engineer,Straits Financial Group,,linkedin,https://www.linkedin.com/jobs/view/4425072184,,Junior Network Engineer,2026-08-03
AWS Network Engineer,Renesas Electronics,"Ho Chi Minh City, Ho Chi Minh City, Vietnam",linkedin,https://www.linkedin.com/jobs/view/4371006595,,Junior Network Engineer,2026-08-02
Senior Engineering Specialist,FedEx,,linkedin,https://www.linkedin.com/jobs/view/4427161892,,Junior Network Engineer,2026-07-31
Support Engineer (Azure),Noventiq Vietnam,"Củ Chi, Ho Chi Minh City, Vietnam",linkedin,https://www.linkedin.com/jobs/view/4375339872,,Junior Network Engineer,2026-07-31
Junior DevOps Engineer,Endava,"Ho Chi Minh City, Ho Chi Minh City, Vietnam",linkedin,https://www.linkedin.com/jobs/view/4446497937,,Junior Network Engineer,2026-07-30
Junior DevOps Engineer,Endava Vietnam,"Ho Chi Minh City, Vietnam",linkedin,https://www.linkedin.com/jobs/view/4444507904,,Junior Network Engineer,2026-07-30
"Assistant Manager, IT Infrastructure",Hong Leong Bank Vietnam,"Ho Chi Minh City, Vietnam",linkedin,https://www.linkedin.com/jobs/view/4434937991,,Junior Network Engineer,2026-07-29
Network Security Analyst,Customized Energy Solutions,"Ho Chi Minh City, Ho Chi Minh City, Vietnam",linkedin,https://www.linkedin.com/jobs/view/4446339302,,Junior Network Engineer,2026-07-28
Associate Data Engineer,VNG,"Ho Chi Minh City, Vietnam",linkedin,https://www.linkedin.com/jobs/view/4445496562,,Junior Network Engineer,2026-07-28
Engineer,Marriott International,"Ho Chi Minh City, Ho Chi Minh City, Vietnam",linkedin,https://www.linkedin.com/jobs/view/4437164919,,Junior Network Engineer,2026-07-27
Kỹ sư Thiết kế Phần cứng ( Junior Hardware Engineer),Robot3T,"Ho Chi Minh City, Vietnam",linkedin,https://www.linkedin.com/jobs/view/4444866450,,Junior Network Engineer,2026-07-27
Future Talent - Automation Engineer,Tetra Pak,"Binh Duong, Vietnam",linkedin,https://www.linkedin.com/jobs/view/4331891795,,Junior Network Engineer,2026-07-27
Senior Information Technology Engineer,VNG,"Ho Chi Minh City, Vietnam",linkedin,https://www.linkedin.com/jobs/view/4444079290,,Junior Network Engineer,2026-07-24
NETWORK & SYSTEM SUPPORT ENGINEER (1–2 YOE),NetNam Corporation,"Ho Chi Minh City, Ho Chi Minh City, Vietnam",linkedin,https://www.linkedin.com/jobs/view/4449396340,,Junior Network Engineer,
Network Presales Consultant (Open Junior-Lead Level),NetNam Corporation,,linkedin,https://www.linkedin.com/jobs/view/4449373158,,Junior Network Engineer,
The Sentry Event Intern,Công Ty TNHH The Sentry,"Thành phố Hồ Chí Minh, SG, VN",indeed,https://vn.indeed.com/viewjob?jk=9561d5c0df3406e9,"**Mô tả công việc:**


(Mức lương: Từ 4 triệu VNĐ)**B2B Event \& Client Support*** **Inquiry Management:**Act as the first point of contact for incoming business inquiries; provide prompt, professional support regarding event space and meeting room rentals across all inbound channels (Social Media, Website/SEO, and direct referrals).
* **Site Inspections:**Schedule and lead venue walkthroughs with potential clients, showcasing The Sentry’s spaces and explaining setup capabilities.
* **Proposal \& Vendor Coordination:**Gather client requirements to help customize event proposals, generate accurate quotations, and coordinate with external vendors (catering, AV, decor) to meet client needs.
* **Cross\-Departmental Collaboration:**Work closely with internal teams—including Marketing, Purchasing, Accounting, IT, and the Community team—to ensure all operational boxes are checked before event day.
* **Partner Relations:**Arrange, schedule, and maintain meeting logs with both local and international partners, ensuring seamless communication.

**Support Internal Event Operations*** **Signature Event Assistance:**Play an active role in the end\-to\-end execution of The Sentry's signature internal events and community programs (e.g., Tech59, Vietnam Venture).
* **Logistics \& Setup:**Assist with pre\-event logistics, venue decoration, technical setups, and inventory tracking.
* **Guest Relations:**Manage guest lists, handle invitations/RSVPs, and assist with registration desks to ensure a smooth check\-in experience.
* **Day\-of Execution:**Provide vital on\-site support during live events, troubleshooting minor issues and keeping activities running on schedule.

**Administrative Work*** **Team Operations:**Handle administrative tracking for the event team, including the coordination of monthly timesheets and team calendars.
* **Reporting:**Compile data to prepare insightful weekly and monthly event performance reports for review.
* **Documentation:**Draft, organize, and systematically archive event contracts, vendor agreements, invoices, and post\-event feedback forms.

**Other Duties*** **Ad\-Hoc Responsibilities:**Perform additional administrative, creative, or operational tasks as assigned by the Event Manager and the Board of Directors (BOD) to support the company’s evolving needs.

**Chức vụ:** Thực Tập Sinh

**Hình thức làm việc:** Toàn thời gian

**Quyền lợi được hưởng:**

* **Hands\-on Experience:**Gain practical, end\-to\-end event management and business development experience within a premium workspace ecosystem.
* **Mentorship:**Work directly alongside experienced professionals and industry mentors who will support your career growth.
* **Networking:**Build a robust professional network by interacting with The Sentry’s diverse community of entrepreneurs, startups, and international corporations.
* **Impact:**Contribute to meaningful, high\-profile projects that drive innovation and international cooperation.
* **Compensation:**Monthly internship allowance provided.

**Yêu cầu bằng cấp (tối thiểu):** Đại Học

**Yêu cầu công việc:**

* Timeline \& Commitment:Must be available to start in August or September 2026 and commit to the 6\-month internship program.
* Education:Recent graduate or currently enrolled in a Bachelor’s degree program (Hospitality, Event Management, Business, Communications, or related fields preferred).
* Languages:Excellent verbal and written communication skills in English and Vietnamese (essential for dealing with international partners and local vendors).
* Mindset:A strong ""can\-do"" attitude, highly proactive, detail\-oriented, and comfortable working in a fast\-paced environment.
* Experience:Prior experience organizing events, clubs, or activities at the university level is a strong plus.
* Interests:Highly passionate about event management, business development, community building, and international trade.

**Yêu cầu giới tính:** Nam/Nữ

**Ngành nghề:** PR \- Truyền Thông \- Sự Kiện


  

Đại Học
  

Không yêu cầu",IT Operations,2026-08-05
Campaign Manager,MGID,"Thành phố Hồ Chí Minh, SG, VN",indeed,https://vn.indeed.com/viewjob?jk=24f1805edc86ec23,"**Job Description**
-------------------



MGID is one of the world's leading native advertising platforms, working with thousands of publishers and brands globally.



It's a great role if you enjoy building long\-term client relationships, driving business growth, and working in a consultative sales environment.



The position offers the chance to collaborate closely with Sales and Publisher Success teams, influence client strategy, identify upselling opportunities, and help clients maximize their performance through innovative advertising solutions.


**Who you are:**
----------------


* 2\+ years of experience in Ad Networks, SaaS or agencies. Familiar to work with diverse types of clients (brands, affiliates,...) is plus
* Strong communication skills with clients and stakeholders; proven ability to troubleshoot operational issues, optimize campaigns, and scale revenue
* Solid knowledge of open\-web advertising formats and management of advertisers
* Previous experience as an Account Manager, Client Success, or Customer Success Manager in the digital advertising industry

**Will be a plus:**
-------------------


* Experience with AdTech/MarTech solutions and tools
* Prior experience working in a global company and a fast\-paced environment
* Proven track record with digital advertising platforms
* Proficiency in tools: Google Analytics (Other tracker is plus), HubSpot, Slack

**Requirements**
----------------



What will you do:


**Campaign Operations \& Optimization:** Setup campaigns, check tracking/pixels, A/B test creatives, and optimize KPIs (CPC, CPA, ROAS, widget blacklisting)


**Client Management \& Upselling:** Daily client communication, performance reporting, troubleshooting, and pitching budget scaling/GEO expansions


**Internal Collaboration:** Work with Sales (client onboarding), Compliance (ad approval), and Publisher teams (traffic quality check)


**Billing \& Budgeting:** Monitor daily spend, manage top\-ups, and coordinate monthly invoicing with Finance",IT Operations,2026-08-05
Operations Quality Assurance Senior Specialist (Chuyên viên Cấp cao Quản lý Chất lượng Giao dịch Bảo hiểm),Prudential Plc,"Thành phố Hồ Chí Minh, SG, VN",indeed,https://vn.indeed.com/viewjob?jk=4a0d60b750b3fe45,"Prudential’s purpose is to be partners for every life and protectors for every future. Our purpose encourages everything we do by creating a culture in which diversity is celebrated and inclusion assured, for our people, customers, and partners. We provide a platform for our people to do their best work and make an impact to the business, and we support our people’s career ambitions. We pledge to make Prudential a place where you can Connect, Grow, and Succeed.


**Job Purpose** ***/*** *Mục tiêu vị trí*

Ensure the effectiveness of Operational Risk Management, and Compliance within the Operations Division by supporting the implementation of robust controls, regulatory compliance, and continuous process improvement in line with internal standards and regulatory requirements .


**Job Responsibilities** */ Phạm vi công việc*

**Risk Management** :


* Support the implementation and ongoing management of the Operational Risk and Business Continuity Management (BCM) activities within Operations.
* Identify, assess, and monitor operational risks across key processes (e.g., Claims, Underwriting, Policy Servicing).
* Track risk indicators (KRIs), incidents, and control effectiveness, and escalate key risk issues where appropriate.
* Maintain risk registers and ensure proper documentation of risk and control activities.
* Participate in the review and refinement of quality assurance processes for enhanced efficiency and compliance. Document findings and assist in preparing monthly reports for the Operations Governance team.
* Support development, review, and maintenance of BCP, including documentation and coverage of critical processes and controls.
* Participate in BCP testing and coordinate with stakeholders to validate readiness and align dependencies.
* Track remediation actions and support reporting on BCP readiness, testing outcomes, and key risks.

**Compliance \& Regulatory Change Management** **:**

* Ensure Operations activities are compliant with applicable laws, regulations, and internal governance requirements
* Support the assessment, interpretation, and implementation of regulatory changes impacting Operations.
* Coordinate with relevant stakeholders (RA, Legal, Product, IT, Operations) to ensure timely and consistent implementation of regulatory updates.
* Support in performing gap analysis and monitoring remediation actions related to compliance findings.
* Support preparation and validation of regulatory reports and submissions (ensuring data integrity and compliance with templates/requirements).

**Data Analysis \& Reporting** :


* Conduct data analysis to support risk monitoring, and regulatory reporting.
* Ensure data accuracy, integrity, and consistency across reports and dashboards.
* Prepare periodic reports (risk, compliance, incident tracking) for management and governance forums.
* Provide insights and recommendations to enhance control effectiveness and operational performance.

**Stakeholder Management:**

* Collaborate with internal stakeholders across Operations, Risk, Compliance, Legal, Finance, and IT.
* Provide advisory support to business units on risk, and compliance matters.
* Support audit and regulatory inspections, including preparation of documentation and responses.

**Ad\-hoc Assignments:**

* Undertake additional tasks, projects, and initiatives as assigned by the line manager or senior management
* Demonstrate flexibility to support evolving business, regulatory, and operational priorities.

**Job Accountability** / *Trách nhiệm chính*

This role is:


* Ensure effective execution of risk management, and compliance activities within Operations
* Support timely identification and mitigation of operational risks and compliance gaps
* Contribute to successful audit outcomes and regulatory submissions
* Ensure timely completion of assigned deliverables with high quality and accuracy.

**Performance measures/** *Kết Quả Công Việc*

* Quality and timeliness of Risk \& Compliance matters and reporting
* Effectiveness of risk identification, tracking, and remediation
* Compliance with regulatory requirements and successful implementation of regulatory changes
* Accuracy and reliability of data and reports
* Delivery of valuable outcomes and stakeholder satisfaction.

**Job Requirements** / Yêu cầu


* Qualification:
	+ Mandatory: University Degree
	+ Advantage: Insurance background
* Experiences:
	+ Minimum 2–3 years of experience in operational risk management and/ or compliance
	+ Experience in health insurance, claims, or medical\-related operations is an advantage
	+ Exposure to regulatory reporting and/or audit is preferred
* Knowledge and skill set:
	+ Strong understanding of operational processes within insurance (Claims, UW, Policy Servicing)
	+ Knowledge of regulatory frameworks and compliance practices
	+ Strong analytical and problem\-solving skills
	+ Proficiency in Microsoft Office (Excel, PowerPoint, Word)
	+ Good communication and stakeholder management skills
	+ Ability to work with data and derive insights
* Attributes:
	+ Detail\-oriented, well\-organized, and proactive
	+ Strong sense of accountability and ownership
	Ability to work independently and collaborativelyHigh adaptability and ability to manage multiple priorities  
	+

**Prudential is an equal opportunity employer.** We provide equality of opportunity of benefits for all who apply and who perform work for our organisation irrespective of sex, race, age, ethnic origin, educational, social and cultural background, marital status, pregnancy and maternity, religion or belief, disability or part\-time / fixed\-term work, or any other status protected by applicable law. We encourage the same standards from our recruitment and third\-party suppliers taking into account the context of grade, job and location. We also allow for reasonable adjustments to support people with individual physical or mental health requirements.",IT Operations,2026-08-05
"[Chubb Life] Senior Specialist, Agency Planning (Outsourced Contract)",Chubb Insurance,"Thành phố Hồ Chí Minh, SG, VN",indeed,https://vn.indeed.com/viewjob?jk=00c2a9fca6003031,"**Mục tiêu tổng quan vị trí \|** **Position Objective**

Chuyên viên Cao cấp, Phòng Kế Hoạch chủ yếu hỗ trợ quy trình thanh toán và quyết toán cho các hoạt động của Kênh Đại lý, đảm bảo tính chính xác, tuân thủ và chi trả đúng thời hạn. Vị trí này chịu trách nhiệm chuẩn bị và xử lý hồ sơ thanh toán, phối hợp với Phòng Tài chính và các bên liên quan trong việc phê duyệt và quyết toán, đồng thời theo dõi việc sử dụng ngân sách. Ngoài ra, Chuyên viên Cao cấp còn hỗ trợ công tác theo dõi và báo cáo các chương trình thi đua, góp phần đảm bảo việc triển khai hiệu quả các chương trình khuyến khích và phù hợp với mục tiêu kinh doanh của Kênh Đại lý.


The Senior Specialist, Agency Planning, primarily supports the payment and settlement process for Agency operations, ensuring accuracy, compliance, and timely disbursement. This role is responsible for preparing and processing payment documents, coordinating with Finance and relevant stakeholders for approvals and settlements, and maintaining proper tracking of budget usage. In addition, the Senior Specialist provides administrative support for contest tracking and reporting, helping ensure smooth execution of incentive programs and alignment with Agency business objectives.  



**Vai trò và nhiệm vụ \|** **Duties and Responsibilities**

* **Quản lý thanh toán và quyết toán/ Payment and Settlement**
* Chuẩn bị, kiểm tra và trình hồ sơ thanh toán, hồ sơ tạm ứng và quyết toán theo đúng quy định của Công ty.
* Phối hợp với Phòng Tài chính và các phòng ban liên quan để xử lý các vấn đề phát sinh liên quan đến thanh toán.
* Lưu trữ chính xác hồ sơ giao dịch thanh toán và theo dõi việc sử dụng ngân sách.
* Theo dõi tiến độ nhằm đảm bảo tất cả các khoản thanh toán và quyết toán được xử lý đúng thời hạn.
* Prepare, verify, and submit payment documents and advance settlement requests in compliance with company policies.
* Coordinate with Finance and relevant departments to resolve any payment\-related issues.
* Maintain accurate records of payment transactions and budget usage.
* Monitor timelines to ensure all payments and settlements are processed promptly

**2\. Hỗ trợ vận hành chương trình thi đua/ Contest Support**

* Hỗ trợ quy trình ban hành Memo cho các chương trình thi đua của Kênh Đại lý, bao gồm soạn thảo, điều phối phê duyệt và phát hành Memo.
* Phối hợp với các bên liên quan để đảm bảo việc chi trả thưởng cho các chương trình thi đua được thực hiện đúng tiến độ.
* Phối hợp với bộ phận E\&A/Marketing trong việc cung cấp nội dung cho poster, podcast và e\-magazine hàng tháng liên quan đến các chương trình thi đua.
* Assist in the memo issuing process for Agency contests, including drafting, coordinating approvals, and releasing memos.
* Coordinate with stakeholders for timely contest reward disbursement.
* Collaborate with the E\&A/Marketing team to provide content for posters, podcasts, and monthly e\-magazines related to contests.

**3\. Báo cáo và quản trị vận hành/ Reporting \& Administration**

* Chuẩn bị và cung cấp các báo cáo định kỳ (tháng, tuần, ngày) cũng như các báo cáo phát sinh theo yêu cầu của các bên liên quan thuộc Kênh Đại lý, đảm bảo tính chính xác và kịp thời.
* Quản lý và cập nhật danh sách AMD, phối hợp với DR và IT để duy trì các nhóm email khi có thay đổi về nhân sự như điều chuyển, gia nhập hoặc nghỉ việc.
* Prepare and deliver periodic reports (monthly, weekly, daily) and handle ad\-hoc reporting requests for Agency stakeholders, ensuring accuracy and timeliness.
* Manage and update the AMD list, coordinating with DR and IT to maintain email groups when members change positions, join, or leave.

**4\. Các công việc khác/ Other Responsibilities**

* Tham gia các dự án và các nhiệm vụ khác theo phân công của Quản lý trực tiếp.
* Participate in special projects and perform other duties assigned by the Line Manager.

  
**Yêu cầu công việc \|** **Requirements**

* Tốt nghiệp Cao đẳng hoặc Đại học.
* Có tối thiểu 03 năm kinh nghiệm hành chính/vận hành, ưu tiên có hiểu biết về hoạt động kinh doanh bảo hiểm.
* Thành thạo Microsoft Word, Microsoft PowerPoint và đặc biệt là Microsoft Excel.
* Có kỹ năng tổ chức công việc tốt, có khả năng làm việc hiệu quả dưới áp lực thời gian trong môi trường thay đổi và quản lý nhiều công việc cùng lúc, đồng thời đảm bảo chất lượng công việc.
* Có kỹ năng giao tiếp và xây dựng mối quan hệ tốt.
* Có tinh thần làm việc nhóm và kỹ năng phối hợp hiệu quả.
* Thể hiện sự phù hợp với các Giá trị cốt lõi của Chubb: Chính trực (Integrity), Khách hàng là trọng tâm (Client Focus), Tôn trọng (Respect), Làm việc nhóm (Teamwork) và Xuất sắc (Excellence).
* University or College Degree.
* 3\+ years of clerical experience, with knowledge of insurance business operations.
* Experience in MS Word, MS PowerPoint and excellent in MS Excel.
* Strong organizational skills, able to work well under deadlines in a changing environment and perform multiple tasks effectively and concurrently. Produces quality work in a timely manner.
* Strong communication and interpersonal skills.
* Teamwork spirit and collaboration skills.
* Strong alignment with Chubb Values: Integrity, Client Focus, Respect, Teamwork, Excellence.",IT Operations,2026-08-05
"Manager, Bancassurance Compensation",FWD Insurance,"Thành phố Hồ Chí Minh, SG, VN",indeed,https://vn.indeed.com/viewjob?jk=26800b8f2c435423,"**About FWD Group**


FWD Group (1828\.HK) is a pan\-Asian life and health insurance business that serves approximately 40 million customers across 10 markets, including BRI Life in Indonesia. FWD’s customer\-led and tech\-enabled approach aims to deliver innovative propositions, easy\-to\-understand products and a simpler insurance experience. Established in 2013, the company operates in some of the fastest\-growing insurance markets in the world with a vision of changing the way people feel about insurance. FWD Group is listed on the main board of the Hong Kong Stock Exchange under the stock code 1828\.


For more information, please visit www.fwd.com

  

FWD Vietnam was established in 2016 and is a member of FWD Group. For more information, please visit www.fwd.com.vn

* Main coordinator to lead and execute sales compensation, contest \& campaigns and other initiatives to drive new production, maintain \& improve K2 by working with Sales \& non sales functions/departments: Sales team, Banca Support team, Actuarial team, IT, Operations team, Legal, Risk \& Compliance.


THE JOB:


. Be responsible for planning sales core compensation, contest and customer campaigns (including planning, designing, launching, budget management and post launch review), to drive new sales and K2 improvement to meet business’s target by coordinating with Account Head/Bank partners/Actuarial \& Financial team/Legal and other related teams including:


* Prepare compensation, contest \& customer campaign proposal to get Senior level (C levels)’s approval before execution.
* Coordinate with Account Head/Bank partner/Other supporting functions to execute all approved compensation, contest \& campaigns with timely manner (which includes and not limited to prepare, launch memo, EDM, tracking and other tools of contest \& campaign communication).
* Evaluate effectiveness of launched compensation, contests \& campaigns and recommend solutions to improve or enhance effectiveness of the next ones.
* Monitor compensation, contests and campaigns’ results regularly and support sale team to answer all questions related to rules of compensation, contest \& campaign.
* Frequently contact partners and sales team to get information of competitors’ compensation, contests, campaign and propose counter\-attack activities.
* Analyze and interpret data to identify trends and opportunities for improvement.
* Monitor and manage budget to ensure expense within approved limit.
* Prepare related ad\-hoc reports requested by management team.
* Provide on the job training and coaching to team members (if required).
* Other tasks assigned by Line managers \& companies.


THE PERSON:

* Bachelor’s degree, preferably in Economics, Auditing, Statistics, or related fields.
* Minimum 06 years’ working experience with at least 4 years in distribution or insurance operations.
* Qualification / Certificate in Life insurance is a plus.
* Advanced in MS Excel, Word, Power point, SQL.
* Good data analytics or and data story telling. Hard working, teamwork and be highly responsible
* Strong communication skills to communicate complex topics in an easy\-to\-understand manner to a wide range of audience and can work under pressure",IT Operations,2026-08-05
General Accountant,Goodyear,"Thành phố Hồ Chí Minh, SG, VN",indeed,https://vn.indeed.com/viewjob?jk=9cd74e934a15f12b,"The General Accountant will support our daily accounting operations, assist with accounts payable and receivable, tax filings, financial reporting, and month\-end closing while working closely with the Chief Accountant.

**What You'll Do**

* You will perform daily accounting data entry.
* You will be responsible for managing suppliers' accounts payable and receivable to enhance profit management efficiency.
* You will prepare and verify payments against supporting documents to ensure compliance with company policies and accounting regulations.
* You will reconcile a variety of accounts as requested.
* You will prepare monthly tax declarations and coordinate with tax authorities.
* You will assist the Chief Accountant with monthly, quarterly, and year\-end closing activities, and provide timely financial information and reports as required.
* You will perform any other duties assigned by the Chief Accountant.

**What We're Looking For**

* You have experience in general accounting and financial reporting.
* You have experience auditing manufacturing companies.
* You have experience analyzing complex financial data.
* You have experience identifying and implementing process or technology improvements within a finance environment.
* You have a solid understanding of local and US GAAP accounting standards.
* You have good knowledge of accounting and taxation.
* You have knowledge of information technology and information systems concepts.
* You have an understanding of internal audit principles.
* You are proficient in Microsoft Office, Microsoft Access, and SAP.
* You are self\-motivated with strong interpersonal and communication skills.
* You can effectively provide accounting support and advice to key stakeholders.
* You thrive in a fast\-paced, changing environment and collaborate effectively with offshore team members.


\#LI\-KB3

  

Goodyear is one of the world's largest tire companies. It employs about 63,000 people and manufactures its products in 49 facilities in 19 countries around the world. Its two Innovation Centers in Akron, Ohio, and Colmar\-Berg, Luxembourg, strive to develop state\-of\-the\-art products and services that set the technology and performance standard for the industry. For more information about Goodyear and its products, go to www.goodyear.com/corporate  

  

Goodyear is an equal employment opportunity employer. All qualified applicants will receive consideration for employment without regard to any characteristic protected by law.",IT Operations,2026-08-05
Client and Account Specialist,Manulife,"Thành phố Hồ Chí Minh, SG, VN",indeed,https://vn.indeed.com/viewjob?jk=7f62a567e99d203b,"The Specialist is responsible for supporting daily operational controls and system governance activities within Policy Owner Services (POS). This role focuses on QA/QC, business reconciliation, UAT testing, incident investigation, and supporting system enhancement initiatives to ensure operational efficiency and service quality.  



  

**Key Responsibilities**

**System Operations \& Reconciliation**

* Perform daily operational reconciliation and monitoring activities.
* Investigate data discrepancies, exceptions, and process breaks.
* Ensure accuracy and completeness of business transactions between systems.
* Support root cause analysis for operational incidents and system issues.

**QA/QC \& Data Validation**

* Conduct regular quality checks on operational outputs and reports.
* Validate data accuracy, completeness, and consistency.
* Identify trends, recurring issues, and process gaps.
* Maintain issue logs and follow through until resolution.

**UAT \& Project Support**

* Prepare test scenarios and test cases.
* Execute UAT testing for system enhancements, product launches, and regulatory changes.
* Document defects and coordinate with IT teams for issue resolution.
* Support production validation after deployment.

**Stakeholder Collaboration**

* Work closely with Operations, IT, Product, Project teams, and other stakeholders.
* Support training, documentation, and knowledge sharing activities.
* Foster teamwork and a collaborative working environment.

**Other Duties**

* Participate in continuous improvement initiatives.
* Perform other assignments as requested by Line Manager.

**Requirements**

* Bachelor's degree in Insurance, Finance, Business Administration, Economics, Information Systems, or related fields.
* 2\-3 years of experience in Life Insurance Operations, experience in QA/QC, testing is an advantage.
* Strong analytical and problem\-solving skills.
* Good understanding of life insurance business processes.
* Good communication and stakeholder management skills.
* Team player with positive attitude and willingness to learn.

**About Manulife and John Hancock**

Manulife Financial Corporation is a leading international financial services provider, helping people make their decisions easier and lives better. To learn more about us, visit https://www.manulife.com/en/about/our\-story.html .


**Manulife is an Equal Opportunity Employer**

At Manulife/John Hancock, we embrace our diversity. We strive to attract, develop and retain a workforce that is as diverse as the customers we serve and to foster an inclusive work environment that embraces the strength of cultures and individuals. We are committed to fair recruitment, retention, advancement and compensation, and we administer all of our practices and programs without discrimination on the basis of race, ancestry, place of origin, colour, ethnic origin, citizenship, religion or religious beliefs, creed, sex (including pregnancy and pregnancy\-related conditions), sexual orientation, genetic characteristics, veteran status, gender identity, gender expression, age, marital status, family status, disability, or any other ground protected by applicable law.


It is our priority to remove barriers to provide equal access to employment. A Human Resources representative will work with applicants who request a reasonable accommodation during the application process. All information shared during the accommodation request process will be stored and used in a manner that is consistent with applicable laws and Manulife/John Hancock policies. To request a reasonable accommodation in the application process, contact hr@manulife.com .


**Working Arrangement**

In Office",IT Operations,2026-08-05
Test Engineer I,Jabil,"Thành phố Hồ Chí Minh, SG, VN",indeed,https://vn.indeed.com/viewjob?jk=5ed3fca50c9b101d,"At Jabil (NYSE: JBL), we are proud to be a trusted partner for the world's top brands, offering comprehensive engineering, supply chain, and manufacturing solutions. With 60 years of experience across industries and a vast network of over 100 sites worldwide, Jabil combines global reach with local expertise to deliver both scalable and customized solutions. Our commitment extends beyond business success as we strive to build sustainable processes that minimize environmental impact and foster vibrant and diverse communities around the globe.  

**SUMMARY**  

Under limited supervision designs, develops and maintains test procedures, tester hardware and software for electronic circuit board production.
  

  

**ESSENTIAL DUTIES AND RESPONSIBILITIES include the following. Other duties may be assigned.**  

  

* Review circuit board designs for testability requirements.
* Support manufacturing with failure analysis, tester debugging, reduction of intermittent failures and downtime of test equipment.
* Prepare recommendations for testing and documentation of procedures to be used from the product design phase through to initial production.
* Generate reports and analysis of test data, prepares documentation and recommendations.
* Review test equipment designs, data and RMA issues with customers regularly.
* Design, and direct engineering and technical personnel in fabrication of testing and test control apparatus and equipment.
* Direct and coordinate engineering activities concerned with development, procurement, installation, and calibration of instruments, equipment, and control devices required to test, record, and reduce test data.
* Determine conditions under which tests are to be conducted and sequences and phases of test operations.
* Direct and exercise control over operational, functional, and performance phases of tests.
* Perform moderately complex assignments of the engineering test function for standard and/or custom devices.
* Analyze and interpret test data and prepares technical reports for use by test engineering and management personnel.
* Develop or use computer software and hardware to conduct tests on machinery and equipment.
* Perform semi\-routine technique development and maintenance, subject to established Jabil standards, including ISO and QS development standards.
* May provide training in new procedures to production testing staff.
* Adhere to all safety and health rules and regulations associated with this position and as directed by supervisor.
* Comply and follow all procedures within the company security policy.

  

**MINIMUM REQUIREMENTS**  

Bachelors of Science in Electronics or Electrical Engineering from four\-year college or university preferred; or related experience and/or training; or equivalent combination of education and experience.
  

  

LANGUAGE SKILLS
  

Ability to read, analyze, and interpret general business periodicals, professional journals, technical procedures, or governmental regulations. Ability to write reports, business correspondence, and procedure manuals. Ability to effectively present information and respond to questions from groups of managers, clients, customers, and the general public.
  

  

MATHEMATICAL SKILLS
  

Ability to work with mathematical concepts such as probability and statistical inference, and fundamentals of plane and solid geometry and trigonometry. Ability to apply concepts such as fractions, percentages, ratios, and proportions to practical situations.
  

  

REASONING ABILITY
  

Ability to define problems, collect data, establish facts, and draw valid conclusions. Ability to interpret an extensive variety of technical instructions in mathematical or diagram form and deal with several abstract and concrete variables.
  

  

PHYSICAL DEMANDS
  

The physical demands described here are representative of those that must be met by an employee to successfully perform the essential functions of this job. The employee is frequently required to walk, and to lift and carry PC’s and test equipment weighing up to 50 lbs. Specific vision abilities required by this job include close vision and use of computer monitor screens a great deal of time.  

  

  

  

  

WORK ENVIRONMENT
  

The work environment characteristics described here are representative of those an employee encounters while performing the essential functions of this job. Individual’s primary workstation is located in the office area, with some time spent each day on the manufacturing floor. The noise level in this environment ranges from low to moderate.  

BE AWARE OF FRAUD: When applying for a job at Jabil you will be contacted via correspondence through our official job portal with a jabil.com e\-mail address; direct phone call from a member of the Jabil team; or direct e\-mail with a jabil.com e\-mail address. Jabil does not request payments for interviews or at any other point during the hiring process. Jabil will not ask for your personal identifying information such as a social security number, birth certificate, financial institution, driver’s license number or passport information over the phone or via e\-mail. If you believe you are a victim of identity theft, contact your local police department. Any scam job listings should be reported to whatever website it was posted in.
**Jabil, including its subsidiaries, is an equal opportunity employer and considers qualified applicants for employment without regard to race, color, religion, national origin, sex, sexual orientation, gender identity, age, disability, genetic information, veteran status, or any other characteristic protected by law.**

**Accessibility Accommodation**
===============================

If you are a qualified individual with a disability, you have the right to request a reasonable accommodation if you are unable or limited in your ability to use or access Jabil.com/Careers site as a result of your disability. You can request a reasonable accommodation by sending an e\-mail to Always\_Accessible@Jabil.com with the nature of your request and contact information. Please do not direct any other general employment related questions to this e\-mail. Please note that only those inquiries concerning a request for reasonable accommodation will be responded to.  

\#whereyoubelong",IT Operations,2026-08-05
Product Support (Operations),Công Ty Cổ Phần Kredivo Việt Nam,"Thành phố Hồ Chí Minh, SG, VN",indeed,https://vn.indeed.com/viewjob?jk=4ae59166498bec4f,"**Mô tả công việc:**


(Mức lương: 20 \- 25 triệu VNĐ)* Overview: The Product Manager for Customer Operations Tools will own the lifecycle of internal platforms that power our support, service, and operations teams. You will streamline internal workflows, reduce handling times, and improve the overall agent and customer experience. This role requires gathering complex operational needs, translating them into technical Product Requirement Documents (PRDs), and collaborating with internal engineering teams and external software vendors.
* Key Responsibilities: Drive the strategy, roadmap, and execution of all tooling initiatives dedicated to Customer Operations.
* Requirement Gathering: Interview customer support agents, leads, and operational stakeholders to identify workflow bottlenecks and tool gaps.
* PRD Preparation: Author detailed Product Requirement Documents (PRDs) with clear user stories, functional specifications, and success metrics.
* Engineering Alignment: Partner closely with internal engineering teams to scope technical solutions, manage sprints, and deliver features.
* Internal Collaboration: Coordinate with central internal tool management teams to ensure alignment with broader company infrastructure and data security standards.
* Vendor Management: Evaluate, integrate, and manage relationships with external solution providers and third\-party SaaS vendors.

**Chức vụ:** Nhân Viên/Chuyên Viên

**Hình thức làm việc:** Toàn thời gian

**Quyền lợi được hưởng:**

* Laptop
* Chế độ bảo hiểm
* Du Lịch
* Chế độ thưởng
* Chăm sóc sức khỏe
* Đào tạo
* Tăng lương
* Nghỉ phép năm

**Yêu cầu bằng cấp (tối thiểu):** Trung cấp \- Nghề

**Yêu cầu công việc:**

* Experience: 1\+ years of experience in Product Management, ideally focusing on internal tools, CRM systems, or customer operations.
* Technical Writing: Proven track record of writing clear, structured PRDs and mapping complex operational workflows.
* Analytic Skills: Possess SQL skills with the ability to query, validate, and analyze operational data independently.
* Stakeholder Management: Strong ability to bridge communication gaps between non\- technical operations teams and technical engineering teams.
* Vendor Operations: Experience evaluating third\-party software, negotiating technical requirements, and managing external vendor integrations.
* Problem Solving: Passion for automation, efficiency, and eliminating manual steps in operational workflows.

**Yêu cầu giới tính:** Nam/Nữ

**Ngành nghề:** Dịch Vụ Khách Hàng,Quản Lý Sản Phẩm IT,Trải Nghiệm Khách Hàng


  

Trung cấp \- Nghề
  

Không yêu cầu",IT Operations,2026-08-05
"People Lead, Corporate Functions (HRBP Lead)",Mondelēz International,"Thành phố Hồ Chí Minh, SG, VN",indeed,https://vn.indeed.com/viewjob?jk=96f8706cc48dd6ed,"**Job Description**
-------------------


**Are You Ready to Make It Happen at Mondelēz International?**


**Join our Mission to Lead the Future of Snacking. Make It Possible.**


Our employees are key ingredients to our success, and you will balance their interests with those of the business. You will be a trusted partner to managers to drive strategic growth and will coach and challenge them to drive workforce performance, providing support in areas of talent, employee engagement and change management. You will sit within a business unit and partner with senior HR People leaders to interpret business requirements.


Partnering functions: HR, Finance, Marketing, Legal, CGA, R\&D


Reporting to: VN Country People Lead


Direct report: Individual Contributor but will take lead across HR function work\-streams to inpterpret business requirements.


**How you will contribute**


People Strategy


* Align HR strategy, structure, and capability to deliver best\-practice HR Business Partnering and solutions that support corporate functions’ business strategy and drive business results.
* Embed HR purpose into the broader organisation via a compelling value proposition and consistent delivery.
* Review current priorities and workload to assess alignment and contribution to company goals; course\-correct to value\-adding outcomes.
* Partner with corporate function leaders to translate business strategy into people strategy and workforce planning.

Organisation Design \& Development


* Partner with corporate function leaders to ensure their organisations are structured to meet or exceed business targets today and in the future.
* Understand how culture, diversity, values, and the capability of individuals and teams impact organisation performance.
* Drive organisational effectiveness across Marketing, R\&D, Finance, Legal, and CGA functions.

Talent Development


* Ensure corporate function leadership attracts, recruits, develops, and retains the right talent in the right roles to meet current and future succession needs.
* Build talent pipeline for today and future needs across all corporate functions.
* Conduct regular Talent Reviews to identify gaps and develop targeted action plans.
* Drive cross\-functional talent movement and career development opportunities.

Capability Development


* Work with corporate function leaders to identify critical skills needed to deliver business goals.
* Identify development areas, source supporting programmes, and build functional expertise, fundamental skills, and leadership capabilities for the future.
* Partner with Centres of Excellence (CoEs) to design and deliver targeted capability\-building programmes for corporate functions.

Performance Management


* Continuously educate corporate function leaders on Performance Management, including training, communication, calibration, and ongoing high\-quality feedback and coaching.

Lead Culture \& Engagement Pillar — Company\-Wide


* Own and drive the company\-wide Culture \& Engagement agenda as Pillar Lead.
* Design and implement engagement strategies that foster a winning culture across all functions and sites.
* Lead annual engagement survey action planning and follow\-through across the organisation.
* Champion Diversity, Equity \& Inclusion (DE\&I) initiatives company\-wide.
* Build and sustain an Employee Value Proposition (EVP) that attracts and retains top talent.
* Drive recognition programmes and cultural rituals that reinforce company values.
* Partner with the Leadership Team to embed desired culture behaviours into daily operations.
* Monitor engagement metrics and develop data\-driven interventions to improve employee experience.

Advisor \& Coach


* Contribute to business success by understanding the broader internal and external context in which the business operates.
* Actively play a strategic role on corporate functional leadership teams.
* Train and advise corporate function managers on personnel and workplace relations matters.
* Serve as a strategic thought partner to senior leaders on organisational and people matters.

People Cost Management


* Ensure effective people cost and productivity management across corporate functions.
* Partner with Finance on headcount planning, budgeting, and workforce cost optimisation.
* Oversee the application of redundancy and other employee retrenchment policies.

**What you will bring**


A desire to drive your future and accelerate your career. You will bring experience and knowledge in:


* Strong interpersonal skills, communication, critical thinking, conflict resolution, and people management.
* Leverages business understanding to create proactive strategic business value.
* Gathers insights, diagnoses issues, and fosters innovative and effective solutions.
* Builds engagement, finds common ground, and manages conflict/resistance constructively.
* Leads the design of high\-performance teams and organisations that are outcome\-focused and values\-driven.
* Builds tools and frameworks to support organisational goals.
* Facilitates a clear vision, priorities, performance expectations, and effective ways of working.
* Influences and collaborates to shape people practices, driving continuous improvement and excellence in execution.
* Leverages employee insights to design and execute an improved employee experience.
* Ensures teams have a clear and consequential purpose and promotes a highly collaborative work environment using digital tools.
* Coaches leaders and teams in managing the careers of key talent and holds them accountable for the depth and diversity of the succession pipeline.
* Experience in leading cross\-functional HR initiatives and culture transformation programmes.
* Proven ability to influence without authority across multiple stakeholder groups.

* Bachelor’s degree in related fields;
* Minimum 8–10 years of progressive HR experience, with at least 3–5 years in an HR Business Partner role supporting corporate/commercial functions.
* Experience in an FMCG MNCs strongly preferred.
* Strong understanding of Vietnam labour law and employment regulations.
* Fluent in English and Vietnamese.
* Demonstrated experience in culture transformation and engagement programme leadership.

\&\#xa;\&\#xa;
**Number of Openings Available**
--------------------------------


1
No Relocation support available
**Business Unit Summary**
-------------------------


### **Headquartered in Singapore, Mondelēz International’s Asia, Middle East and Africa (AMEA) region is comprised of six business units, has more than 21,000 employees and operates in more than 27 countries including Australia, China, Indonesia, Ghana, India, Japan, Malaysia, New Zealand, Nigeria, Philippines, Saudi Arabia, South Africa, Thailand, United Arab Emirates and Vietnam. Seventy\-six nationalities work across a network of more than 35 manufacturing plants, three global research and development technical centers and in offices stretching from Auckland, New Zealand to Casablanca, Morocco. Mondelēz International in the AMEA region is the proud maker of global and local iconic brands such as** ***Oreo*** **and** ***belVita*** **biscuits,** ***Kinh Do*** **mooncakes,** ***Cadbury, Cadbury Dairy Milk*** **and** ***Milka*** **chocolate,** ***Halls*** **candy,** ***Stride*** **gum,** ***Tang*** **powdered beverage and** ***Philadelphia*** **cheese. We are also proud to be named a Top Employer in many of our markets.**


Mondelēz International is an equal opportunity employer and all qualified applicants will receive consideration for employment without regard to race, color, religion, gender, sexual orientation or preference, gender identity, national origin, disability status, protected veteran status, or any other characteristic protected by law.


**Job Type**
------------


Regular
HR Strategy
Human Resources",IT Operations,2026-08-05
Manufacturing Supervisor,Intel Corporation,"Thành phố Hồ Chí Minh, SG, VN",indeed,https://vn.indeed.com/viewjob?jk=a002c0cd94f112d0,"**Job Details:**
================

**Job Description:**
--------------------

* This role requires regular onsite presence when managing employees whose responsibilities necessitate onsite work.
* Managers of onsite essential roles are expected to be onsite to support operational needs.
* Manages and leads a team of technicians overseeing operations, equipment maintenance, and repair in manufacturing facilities.
* Owns safety, quality, scheduling, and conflict resolution amongst staff and other stakeholders and assists in resolving operational, safety, and security issues.
* Oversees flow of work through factories and streamlining processes and operations between groups and divisions.
* Establishes tactical plans to ensure production schedules are met within established quality and cost objectives.
* Ensures optimum total area performance in terms of safety, quality, output, and cost through staffing training development and retention of the group.
* Understands scheduled and unscheduled equipment maintenance, repair, recovery, troubleshooting, tool quality, and tool run rate.
* Assumes direct ownership and acts as the first responder of all onshift issues within assigned toolset or area.
* Works with engineering teams to solve problems impacting factory operations/health.
* Ensures effective employee staffing including workstation assignment, shift rotations, and PTO requests.
* Owns shift schedule including workstation assignments/rotations, employee training, employee vacations, employee breaks, overtime assignment, backup for absent employees, and shift rotations.
* Establishes training plans for direct reports and monitor training performance against schedule to assure shift team has skills needed to sustain production.
* Regularly reviews staffing certification levels that are tied to wafer ramp levels and ensures performance required number of certified individuals for each ramp threshold.
* Develops longterm strategies for manufacturing operations capabilities to support future requirements.
* Responsible for enabling teams to execute through clear goal setting, facilitating work, maintaining accountability, applying differentiated performance management, and driving team results.
* Drives results by inspiring people, role modeling Intel values, developing the capabilities of others, and ensuring a productive work environment.

**Qualifications:**
-------------------

* Bachelors of Engineering, major in Electrical / Electronics Engineering, Mechanical / Mechatronic Engineering, Automation and Control, Industrial Systems, or related disciplines;
* Can work on shift (12 hours/day, 4 days/week)
* Good verbal, written, and communication skills in English.
* Demonstrate passion in managing and leading diverse group of technicians to deliver quality output safely.
* Able to provide leadership to technicians to resolve problems and require strong process knowledge.
* Able to motivate and develop the workforce to meet business challenges
* 2\-5 years of experience

**Job Type:**
-------------

Experienced Hire
**Shift:**
----------

Shift 9 SB (Vietnam)
**Primary Location:**
---------------------

Vietnam, Ho\_Chi\_Minh\_City
**Additional Locations:**
-------------------------

**Posting Statement:**
----------------------

All qualified applicants will receive consideration for employment without regard to race, color, religion, religious creed, sex, national origin, ancestry, age, physical or mental disability, medical condition, genetic information, military and veteran status, marital status, pregnancy, gender, gender expression, gender identity, sexual orientation, or any other characteristic protected by local law, regulation, or ordinance.
**Position of Trust**
---------------------

N/A
**Work Model for this Role**
----------------------------

This role will require an on\-site presence. \* Job posting details (such as work model, location or time type) are subject to change.
**Privacy Statement:**
----------------------

Your privacy matters to Intel and we comply with applicable data protection laws. We collect and maintain personal information for recruitment related activities and your data will not be used for any other purpose. We retain personal information for the periods and purposes set forth in Intel Privacy Notice . Retention periods can vary significantly based on the type of information and how it is used. We do not share your personal information with third parties.


In order for Intel to communicate with you on your application results, by submitting your information and proceeding with this application, you agree and consent that we can collect your personal information. You will have the ability to opt\-out by informing vietnamjobs@ intel.com or at any time selecting unsubscribe found at the bottom of our future marketing communications. You have rights to correct, update, request access to or deletion of your personal information as described in Intel Privacy Notice. In addition, if you wish to update or otherwise make changes to your resume, use Intel online application tool to resubmit a new resume .


* 

ADDITIONAL INFORMATION: Intel is committed to Responsible Business Alliance (RBA) compliance and ethical hiring practices. We do not charge any fees during our hiring process. Candidates should never be required to pay recruitment fees, medical examination fees, or any other charges as a condition of employment. If you are asked to pay any fees during our hiring process, please report this immediately to your recruiter.",IT Operations,2026-08-05
Customer Success Manager,Hubexo,"Thành phố Hồ Chí Minh, SG, VN",indeed,https://vn.indeed.com/viewjob?jk=bc228f62c969aace,"**Job Title:** Customer Success Manager
  
  

Hubexo provides cutting\-edge data, insights, and software solutions to the global construction industry. Founded in Sweden in 1936, Hubexo specializes in project information, eTendering, product information, market intelligence, and specification.
  
  

With operations in more than 20 countries and a workforce of 2,500 employees, Hubexo helps its customers sell more efficiently, build sustainably, and lead the future of construction innovation.
  
  

About the Product
  
LeadManager is an industry\-leading construction intelligence platform that helps businesses in the construction sector find and win new projects. It provides real\-time access to:
  
* Comprehensive project leads \- Stay ahead of competitors with early insights into upcoming construction projects at every stage.
* Market trends \& analytics \- Leverage powerful data insights to refine business strategies and identify growth opportunities.
* Key contact information \- Connect with decision\-makers such as developers, architects, contractors, and suppliers.
* Customizable alerts \& tracking\- Set up automated notifications to track project updates and client movements.


Our Values
  
* Dream big \- Embrace ambitious goals and strive to exceed expectations, every day.
* Thrive together\- Collaborate, communicate, and celebrate success.
* Own it \- Take ownership of your work and empower yourself to make a difference.
* Do the right thing \- Stand firm in your values and let integrity guide your actions at every turn.


What You’ll Do
  
As a Customer Success Manager, you will manage and grow a portfolio of client accounts, ensuring strong customer satisfaction, retention, and revenue expansion. You’ll act as a strategic partner to clients, driving adoption, renewals, and long\-term value.
  
  

**Key responsibilities include:**  

* Own and manage key client relationships across Southeast Asia, with a strong focus on Vietnam
* Drive customer retention, renewals, upsell, and cross\-sell opportunities
* Develop and execute account growth and engagement strategies
* Monitor account health, usage trends, and customer outcomes
* Lead client meetings, provide consultative insights, and influence decision\-makers
* Proactively address risks, challenges, and escalations
* Collaborate cross\-functionally with Sales, Product, and Marketing teams
* Provide regular account updates and performance insights


What You Bring
  
Account Management \& Commercial Experience
  
* 3–5 years of B2B Account Management, Customer Success, or Sales experience
* Background in SaaS, technology, consulting, or solution\-based sales
* Proven success managing mid\-market or enterprise clients
* Experience handling renewals, upsells, and subscription models
* Strong stakeholder management and relationship\-building skills


Market \& Regional Expertise
  
* Strong understanding of Vietnam \& Southeast Asia business environments
* Cultural awareness and ability to navigate diverse markets
* Fluency in English \& Vietnamese (required)


Commercial \& Strategic Strength
  
* Track record of meeting or exceeding revenue targets
* Strong consultative selling and negotiation skills
* Ability to influence senior decision\-makers confidently
* Data\-driven mindset with CRM and analytics experience


Nice to Have
  
* Experience in construction, engineering, or related industries


What You’ll Get
  
  

**At Hubexo, we invest in high performers:**  

* Uncapped Commission Structure
* Fast\-Track Career Growth
* High\-Performance Sales \& CS Training
* Supportive, Collaborative Culture
* International Learning \& Development Opportunities


Join a fast\-growing technology company shaping the future of construction intelligence.",IT Operations,2026-08-05
"Engineer 2, EHS",Coherent Corp.,"SG, VN",indeed,https://vn.indeed.com/viewjob?jk=69f202454156a2aa,"**Primary Duties \& Responsibilities*** Responsible for implementing and administering EHS programs, RBA, ISO 14001 and ISO 45001 management systems, policies, and procedures in compliance with corporate standards and legal requirements.
* Lead EHS audits, inspections, risk assessments, incident investigations, and corrective/preventive action programs to continuously improve site safety and environmental performance.
* Manage EHS permit\-to\-work processes, contractor safety programs, hazardous material control, and EHS compliance activities.
* Coordinate with internal departments and external authorities to achieve EHS objectives, KPI targets, and regulatory compliance requirements.
* Provide EHS training and awareness programs to employees and contractors.
* Support emergency preparedness activities, Emergency Response Team (ERT) development, and occupational health and safety initiatives.
* Prepare and maintain EHS reports, licenses, records, and regulatory submissions.
* Support assigned EHS projects, internal audits, corporate initiatives, and continuous improvement programs.

**Education \& Experience**

  

* Bachelor's degree in Environmental, Health \& Safety (EHS), Environmental Engineering, Occupational Safety, Industrial Hygiene, or related disciplines.
* Minimum 3 years of experience in EHS operations within manufacturing environments.
* Hands\-on experience with ISO 14001 and ISO 45001 management systems.
* Knowledge of Vietnamese EHS regulations, statutory compliance requirements, and EHS management practices.
* Certified Safety Group 2 qualification is preferred.

ABOUT US


Coherent is a global leader in lasers, engineered materials and networking components. We are a vertically integrated manufacturing company that develops innovative products for diversified applications in the industrial, optical communications, military, life sciences, semiconductor equipment, and consumer markets. Coherent provides a comprehensive career development platform within an environment that challenges employees to perform at their best, while rewarding excellence and hard\-work through a competitive compensation program. It's an exciting opportunity to work for a company that offers stability, longevity and growth. Come Join Us!
  

  

**Note to recruiters and employment agencies:** We will not pay for unsolicited resumes from recruiters and employment agencies unless we have a signed agreement and have required assistance, in writing, for a specific opening.  


JOB INFO


Job Identification
2013691
Posting Date
08/04/2026, 07:26 PM
Apply Before
08/30/2026, 07:00 PM
Degree Level
Bachelor's Degree
Job Schedule
Full time
Locations
 36 VSIP Street 4, Thuan An, Binh Duong , 820000, VN
LinkedIn
\#LI\-PH1",IT Operations,2026-08-05
Country Pricing Lead,Schneider Electric,"Thành phố Hồ Chí Minh, SG, VN",indeed,https://vn.indeed.com/viewjob?jk=d05534d3bd2b9b5e,"Job Description:
**Job Summary:*** The **Country Pricing Lead** is responsible for developing, implementing, and optimizing pricing strategies \& governance commercial policy to drive profitable growth and market competitiveness in compliance way in the country.
* This is **Individual contributor role** requires strong analytical skills, cross\-functional collaboration, and a deep understanding of local market dynamics.
* Reports to Head of Strategy and Commercial Operations

 **Key Responsibilities:**  

Pricing Strategy Development:* Design and execute country\-specific pricing strategies aligned with regional and global objectives.
* Analyze market trends, customer behaviour, and competitive pricing to inform pricing decisions via global and local digital dashboards and reports.

  

P\&L impact Analysis via monitoring pricing performance:* Model financial outcomes of pricing strategies including ROI, P\&L implications, net sales, and margins.
* Track pricing effectiveness and adjust strategies based on performance metrics.
* Provide regular reports and insights to senior management.

  

Pricing Governance, Performance Bonus and Channel Compliance:* Guide the pricing operations team to enforce pricing policies while supporting sales and customers effectively.
* Ensure pricing policies comply with local regulations and corporate standards.
* Maintain documentation and audit trails for pricing decisions and changes.
* Point of Contact for deployment and execution of rules and regulations defined by global corporate.

  

Stakeholder Collaboration:* Partner with different stakeholders (sales, marketing, finance, and offer marketing) to ensure pricing strategies support business goals.
* Collaborate with global stakeholders to deploy pricing initiatives or adopt digital pricing platform,
* Communicate pricing decisions and rationale to internal stakeholders.


(External) English Qualifications:
**Qualifications:*** Bachelor's or master's in business, economics, finance, or related field.
* 5\+ years of experience in pricing, finance, or commercial strategy roles.
* Experienced in MNC with matrix organization is a PLUS
* Strong analytical and statistical skills
* Proficiency in Excel and data visualization tools.
* Excellent communication and stakeholder management skills.
* Familiarity with the local market and industry\-specific pricing practices.


Local Benefits (English):
**Rewards designed for you**


Our Total Rewards is our way of saying: We see you and we value you. It’s more than just pay and benefits—it’s a meaningful investment in you. It is designed to help you perform, grow, feel safe, and elevate your potential. The package helps you care for yourself and your family, plan your future, grow your skills and career, collaborate in an inclusive workplace, and contribute to your community. At Schneider Electric, we’re here for what matters most to you. Discover more at our Career Page.

* Country\-specific programs and initiatives may be available.


(External) English Company Boiler Plate: **Looking to make an IMPACT with your career?**


When you are thinking about joining a new team, culture matters. At Schneider Electric, our values and behaviors are the foundation for creating a great culture to support business success. We believe that our IMPACT values – Inclusion, Mastery, Purpose, Action, Curiosity, Teamwork – starts with us.


IMPACT is also your invitation to join Schneider Electric where you can contribute to turning sustainability ambition into actions, no matter what role you play. It is a call to connect your career with the ambition of achieving a more resilient, efficient, and sustainable world.


We are looking for IMPACT Makers; exceptional people who turn sustainability ambitions into actions at the intersection of automation, electrification, and digitization. We celebrate IMPACT Makers and believe everyone has the potential to be one.


Become an IMPACT Maker with Schneider Electric – apply today!


€40 billion global revenue  

\+9% organic growth  

150 000\+ employees in 100\+ countries

  

You must submit an online application to be considered for any position with us. This position will be posted until filled. *Schneider Electric aspires to be the most inclusive and caring company in the world, by providing equitable opportunities to everyone, everywhere, and ensuring all employees feel uniquely valued and safe to contribute their best. We mirror the diversity of the communities in which we operate, and ‘inclusion’ is one of our core values. We believe our differences make us stronger as a company and as individuals and we are committed to championing inclusivity in everything we do.*  

*At Schneider Electric, we uphold the highest standards of ethics and compliance, and we believe that trust is a foundational value. Our Trust Charter is our Code of Conduct and demonstrates our commitment to ethics, safety, sustainability, quality and cybersecurity, underpinning every aspect of our business and our willingness to behave and respond respectfully and in good faith to all our stakeholders. You can find out more about our Trust Charter* *here*  

  

*Schneider Electric is an Equal Opportunity Employer. It is our policy to provide equal employment and advancement opportunities in the areas of recruiting, hiring, training, transferring, and promoting all qualified individuals regardless of race, religion, color, gender, disability, national origin, ancestry, age, military status, sexual orientation, marital status, or any other legally protected characteristic or conduct.*",IT Operations,2026-08-04
Customs Advisory & AI Transformation Manager - HCMC,DHL,"Thành phố Hồ Chí Minh, SG, VN",indeed,https://vn.indeed.com/viewjob?jk=f78b266a73796e46,"**ABOUT THE ROLE**  

DHL Global Forwarding Vietnam (DGF Vietnam) is hiring a **Customs Advisory \& AI Transformation Manager** to support a high\-profile transformation project for one of our strategic accounts — a leading multinational manufacturer of microprocessors and chipsets, with major assembly and test operations in Saigon Hi\-Tech Park.  

This is a combining two streams of work: approximately 60% of time supporting an AI\-enabled customs process automation Proof\-of\-Concept (POC), and approximately 40% acting as subject matter expert to the client's daily Vietnam customs compliance operations.  

We are looking for someone who knows Vietnam customs in depth — particularly the Authorized Economic Operator (AEO) and Export\-Processing\-Enterprise (EPE) environment — can speak credibly to complex classification and regulatory questions, and is genuinely interested in how AI is changing the way customs work gets done. The role is independent in nature, with management oversight and mentoring support from DGF Vietnam's Senior Customs team. **Location:** On\-site Customer Office \- Saigon High\-Tech Park, Thu Duc, Ho Chi Minh City**Department:** Customs \& Domestic Transport (CDZ) **KEY RESPONSIBILITIES** **A. AI Process Automation POC Support** (\~60% of resource time): **Process Discovery and Mapping:*** Document end\-to\-end import and export declaration flows, including VNACCS touchpoints from pre\-alert to post\-clearance
* Identify decision points, exceptions, variance resolution paths, rework loops, and compliance controls
* Participate in project team meetings and work side\-by\-side with the technical development team to provide business requirements, data, and documentation
* Produce field\-marking files and process maps, including variance triggers and human\-in\-the\-loop resolution points

 **Data, Documents and Rules Capture:*** Provide sample, sanitized declaration packets — commercial invoices, packing lists, BL/AWB, Certificates of Origin, HS determinations, permits, licenses, e\-manifest elements
* Define data dictionaries: field\-level definitions, source systems, mandatory and optional fields, format rules, data quality criteria
* Document business rules: 3\-way matching for pre\-declaration data accuracy, HS classification logic, valuation methods, origin rules, and EPE\-specific declaration rules

 **Validation and Annotation:*** Validate training datasets for completeness and labeling accuracy
* Annotate exceptions (e.g., HS reclassification, revaluation, additional document requests)
* Redline rule gaps or contradictions for the project team to resolve

 **User Acceptance Testing (UAT):*** Define UAT scenarios and acceptance criteria aligned to Vietnam customs regulatory and operational requirements, as well as client\-specific business scenarios
* Execute UAT on prototypes; log defects and help triage and prioritize remediation

 **Change Impact and Readiness:*** Identify control changes required for AI deployment — segregation of duties, maker\-checker, audit trails
* Contribute to Standard Operating Procedure (SOP) updates, quick reference guides, and training materials

 **B. SME Support to Daily Customs Compliance Operations** (\~40% of resource time): **Technical Advisory:*** Interpret and advise on Vietnam Customs Law, Decrees, Circulars, Official Letters, and General Department of Vietnam Customs rulings, with particular focus on the client's AEO and EPE business model, including external EPE warehouses operations
* Support the client's Trade team in driving process changes arising from recent regulatory developments, including Decree 167/2025/ND\-CP and Circular 121/2025/TT\-BTC
* Act as second\-level escalation for complex operational issues, including direct engagement with local Customs authorities (Saigon Hi\-Tech Park Customs) where needed

 **Compliance Monitoring:*** Track and summarize relevant regulatory updates; assess impact on POC logic and day\-to\-day processes
* Maintain a rule change log and recommend timely updates to the rules catalog and SOPs
* Conduct customs compliance self\-audits on request

 **Issue Handling:*** Monitor and conduct post\-mortem reviews of process changes implemented through taskforces
* Identify operational bottlenecks and propose Corrective And Preventive Actions (CAPA)
 **JOB REQUIREMENTS** **Experience and Education:*** Bachelor's degree in International Trade, Customs, Logistics, Law, or related field
* Minimum 5 years of experience in Vietnam customs brokerage or in\-house customs compliance, at senior broker or customs manager level
* Direct experience supporting electronics or semiconductor multinationals at Saigon Hi\-Tech Park (SHTP) is highly advantageous
* Good English in both writing and verbal communication — the role involves reading regulatory texts and writing advisory notes in English

 **Essential Knowledge and Skills:*** Strong, deep knowledge of customs operations for large\-scale electronics/ tech multinationals operating under the AEO and EPE regime in Vietnam, including external EPE warehouses
* Proven expertise with VNACCS import and export declaration processes and customs compliance requirements for AEO EPEs
* Familiarity with recent regulatory developments affecting EPE and customs operations, such as Decree 167/2025/ND\-CP and Circular 121/2025/TT\-BTC
* Advanced HS classification capability, especially for electronic and chipset\-related goods
* Solid grasp of customs valuation, Certificate of Origin (C/O) procedures, and FTA application
* Familiarity with trade compliance controls, audit readiness, and SOP development
* Comfortable with data validation, structured documentation, and UAT participation

 **Core Competencies:*** Able to work independently with minimal supervision; prioritize and proactively identify risks and improvements
* Strong professional judgment and the ability to read and interpret regulatory texts accurately
* Confident in client\-facing settings with multinational stakeholders, including technical, operational, and compliance teams
* Collaborative working style across cross\-functional teams
* Open to working with new technology tools, including AI
 **WHAT WE OFFER*** A front\-row seat on an AI transformation project for one of the world's leading chip manufacturers
* On\-site placement at a world\-class facility in Saigon Hi\-Tech Park
* Day\-to\-day contact with multinational technology and operations teams
* Mentoring and ongoing technical support from DGF Vietnam's senior customs and IT experts
* Career exposure within DHL Group, the world's largest international logistics provider
  

 \#LI\-APAC \#DHL \#DGF \#DHLGlobalForwarding \#DHLGlobalForwardingVietnam",IT Operations,2026-08-04
"Head of Client Solutions, Vietnam",TikTok,"Thành phố Hồ Chí Minh, SG, VN",indeed,https://vn.indeed.com/viewjob?jk=72e5239f7f32e6de,"Sales
  
  

Head of Client Solutions, Vietnam
  
  

Location
  
:
  
  

Ho Chi Minh City
  
  

Employment Type
  
:
  
  

Regular
  
  

Job Code
  
:
  
  

A195678A
  
  

Responsibilities
  
  

About Our Team
  
TikTok Global Business Solutions (GBS) team is the primary global revenue\-generating and commercial organization. It manages advertising sales, brand partnerships, and client strategies, helping businesses of all sizes market their products through the TikTok for Business platform.
  
  

We are looking for a strong commercial and strategic leader to head the Client Solutions function in Vietnam. The Client Solutions team at TikTok helps nurture and grow client accounts through high\-touch client service, strategic consultation, and education on TikTok's advertising solutions. The team supports brands and agencies in achieving their marketing and business objectives across branding, performance, commerce, web conversion, lead generation, and full\-funnel growth.
  
  

Responsibilities
  
Leadership \& Team Management
  
* Lead, coach, and develop the Client Solutions team in Vietnam to drive client success, revenue impact, and organizational objectives.
* Build a high\-performing team culture focused on client impact, collaboration, accountability, operational excellence, and continuous development.
* Set clear team priorities, performance expectations, and development plans to support both business growth and talent growth.
* Identify talent gaps, support hiring efforts, and develop succession planning within the team.


Strategic Client Consultation
  
* Act as a senior consultant to key clients, agencies, and internal stakeholders, helping brands connect their marketing objectives with measurable business outcomes.
* Establish TikTok’s value as a key part of clients’ media mix, communication strategy, and long\-term business plans.
* Keep up to date with product developments, market trends, vertical movements, and competitor activities to provide strategic guidance to clients and internal teams.
* Guide the team in building Test \& Learn plans and driving the adoption of Measurement solutions, including BLS, CLS, Ad Effectiveness, and other relevant full\-funnel measurement tools.
* Drive adoption of TikTok’s advertising and commerce solutions, including Pixels, MMPs, TikTok Shop, Performance Ads, Branding Ads, Search Ads, Creative Solutions, and emerging products where applicable.
* Lead senior\-level narratives, workshops, business reviews, and education sessions to upskill clients and agencies.


Account Growth, Campaign Excellence \& Revenue Impact
  
* Oversee post\-sale client relationships across key accounts and agencies, ensuring strong campaign execution, performance optimization, and long\-term account growth.
* Partner closely with Brand Partnerships leaders to support account planning, opportunity planning, revenue growth, and strategic client engagement.
* Guide the team in reviewing media plans, providing optimization recommendations, and ensuring clients are set up for campaign success.
* Drive stronger focus on Always\-On content, performance objectives, and full\-funnel solutions to support revenue attainment.
* Ensure high\-quality campaign monitoring, reporting, account audits, and actionable post\-campaign insights.
* Track revenue impact, product adoption, campaign performance, and client growth across the book of business.


Stakeholder Management \& Cross\-functional Collaboration
  
* Build trusted relationships with senior clients, agencies, and internal cross\-functional stakeholders to drive sustained business growth.
* Work closely with Brand Partnerships, Product Strategy \& Operations, Measurement, Creative, Marketing, Agency, and TikTok Shop teams to unlock growth opportunities.
* Drive market\-level priorities, product adoption, programs, and packages aligned with Vietnam business objectives.
* Share client, market, and vertical learnings across Client Solutions teams and broader business teams through case studies, best practices, and regular knowledge sharing.
* Lead cross\-functional alignment on strategic projects, business reviews, and complex client opportunities.


Qualifications
  
  

Minimum Qualifications
  
* Bachelor’s degree or above in Marketing, Business, Advertising, Media, Communications, or related fields.
* 10\+ years of experience in digital advertising, media, client solutions, sales strategy, marketing, business development, or related commercial functions.
* 5\+ years of people management experience, with demonstrated success in leading high\-performing client\-facing or advertising teams.
* Proven track record of driving client success, revenue growth, product adoption, and business impact.
* Strong understanding of digital advertising, media planning, branding, performance marketing, commerce, marketing measurement, and full\-funnel solutions.
* Experience managing senior stakeholders, including C\-level executives, agency leadership teams, and regional/internal leadership teams.
* Strong analytical, strategic thinking, problem\-solving, and business planning capabilities.
* Business proficiency in Vietnamese and English is required.


Preferred Qualifications
  
* Strong media and advertising background with experience across branding, performance, commerce, web conversion, lead generation, and omnichannel marketing solutions.
* Experience working in leading digital platforms, media agencies, publishers, consulting firms, technology companies, or e\-commerce platforms.
* Familiarity with TikTok’s advertising ecosystem, TikTok Shop, creator solutions, and the broader digital media landscape in Vietnam.
* Demonstrated ability to lead organizational change, scale teams, and drive cross\-functional alignment in a fast\-paced environment.
* Strong coaching and talent development capabilities with a passion for building high\-performing teams.
* Entrepreneurial mindset with strong ownership, resilience, and execution capability.


Job Information
  
  

About TikTok
  
  

TikTok is the leading destination for short\-form mobile video. At TikTok, our mission is to inspire creativity and bring joy. TikTok's global headquarters are in Los Angeles and Singapore, and we also have offices in New York City, London, Dublin, Paris, Berlin, Dubai, Jakarta, Seoul, and Tokyo.
  
  

​
  
  

Why Join Us
  
  

Inspiring creativity is at the core of TikTok's mission. Our innovative product is built to help people authentically express themselves, discover and connect – and our global, diverse teams make that possible. Together, we create value for our communities, inspire creativity and bring joy \- a mission we work towards every day.
  
  

​
  
  

We strive to do great things with great people. We lead with curiosity, humility, and a desire to make impact in a rapidly growing tech company. Every challenge is an opportunity to learn and innovate as one team. We're resilient and embrace challenges as they come. By constantly iterating and fostering an ""Always Day 1"" mindset, we achieve meaningful breakthroughs for ourselves, our company, and our users. When we create and grow together, the possibilities are limitless. Join us.
  
  

​
  
  

​
  
  

Diversity \& Inclusion
  
  

​
  
  

TikTok is committed to creating an inclusive space where employees are valued for their skills, experiences, and unique perspectives. Our platform connects people from across the globe and so does our workplace. At TikTok, our mission is to inspire creativity and bring joy. To achieve that goal, we are committed to celebrating our diverse voices and to creating an environment that reflects the many communities we reach. We are passionate about this and hope you are too.",IT Operations,2026-08-04
Engineer – Air Network & Partner Management,FedEx,"Thành phố Hồ Chí Minh, SG, VN",indeed,https://vn.indeed.com/viewjob?jk=885ffb1ad4480901,"Air Network Design; Air Network Planning \& Implementation; ULD Planning \& Management; Operations Research; Liaison with Field Ops Managing International Air Linehaul; Strategic Network Alliances; Business Planning; Program \& Project Management; Business Continuity/ Crisis Management Leadership; Product Launches; QDM; Ops Management Training; Service Quality; Service; QPI; Ops Excellence; Operations Technology \& Systems; Clearance P\&E; Clearance Technology \& Systems; Clearance Compliance; Customs Solutions; P\&P Process Compliance; Facility Lease Negotiation \& Management; Hardware \& Portfolio Optimization (Facilities \& Fleet); Hub Facility Maintenance; PUD P\&E; Station P\&E; Sort System P\&E; Hub P\&E; Gateway P\&E; In\-Country Ground Movement P\&E; Local Facility P\&E; PMO P\&E; In\-Country Clearance Planning Support; Vehicles \& GSE Planning Support; Air; Ground Network \& Commercial Airlift Implementation Support; Contingency Planning; Road Network Planning (SPAC)

**Position Summary**
--------------------


The Engineer/ Senior Engineer, Partner Network Management is responsible for the strategic planning, development, implementation, and ongoing optimization of third\-party air network capacity across Asia Pacific. This role serves as a key liaison between network planning, airline partners, operations, procurement, commercial teams, and external vendors to ensure partner capacity solutions deliver optimal service, reliability, flexibility, and cost performance.


This role is open to multiple seniority levels (0 to 10 years’ experience) and is focused on Southeast Asia, though geographic scope can change over time based on business priorities.


The position will lead market assessments, partner selection, contract implementation support, operational integration, and continuous network refinement initiatives that expand and strengthen the company's regional air transportation capabilities. The role requires a combination of airline network expertise, commercial acumen, operational understanding, and strong project management skills.

**Key Responsibilities**
------------------------


Partner Network Strategy \& Development

* Identify, evaluate, and recommend airline, charter, interline, and transportation partners to support evolving network requirements across Asia Pacific.
* Develop market\-specific capacity strategies to support growth opportunities, customer requirements, and operational resilience.
* Conduct network analyses to determine optimal partner solutions based on service performance, capacity availability, transit times, and cost.
* Support long\-term planning initiatives, including new market launches, network expansion, contingency planning, and seasonal capacity strategies.


Partner Selection \& Implementation

* Lead partner onboarding and implementation activities from concept through operational launch.
* Coordinate cross\-functional activities involving procurement, legal, finance, operations, customs, and commercial teams.
* Develop implementation plans, operational procedures, milestone tracking, and launch readiness reviews.
* Ensure new partner solutions are integrated seamlessly into planning systems, operational workflows, and network processes.


Network Optimization \& Performance Management

* Monitor partner network performance across service, reliability, utilization, and financial metrics.
* Identify opportunities to improve network efficiency, service quality, transit performance, and cost effectiveness.
* Drive network refinements including schedule adjustments, capacity reallocations, routing improvements, and contingency solutions.
* Develop recommendations supported by quantitative analysis and business case evaluations.


Operational Coordination \& Issue Resolution

* Serve as a primary escalation point for partner\-related operational challenges.
* Collaborate with regional operations teams and partner organizations to resolve service disruptions and implement corrective actions.
* Support irregular operations planning and recovery efforts involving partner capacity providers.
* Maintain strong working relationships with external partners to ensure effective communication and execution.


Analytics \& Continuous Improvement

* Utilize network planning tools, operational data, and analytical models to evaluate network performance and opportunities.
* Develop dashboards, reporting tools, and performance reviews to support management decision\-making.
* Participate in automation and process improvement initiatives that enhance partner network planning and management capabilities.
* Support development of innovative solutions that improve planning efficiency and operational visibility.

**Minimum Qualifications**
--------------------------

* Bachelor's degree in Engineering, Operations Research, Aviation Management, Supply Chain, Logistics, Business, or a related field.
* 0\-10 years of experience in airline network planning, cargo operations, transportation planning, logistics, or related fields.
* Experience working with airline partners, interline agreements, transportation providers, or external network operators.
* Strong analytical and problem\-solving skills with the ability to translate data into actionable recommendations.
* Experience leading complex cross\-functional projects and operational implementations.
* Excellent communication, stakeholder management, and relationship\-building skills.

**Preferred Qualifications**
----------------------------

* Experience within an integrated air cargo, express transportation, airline, or logistics environment.
* Knowledge of Asia Pacific aviation markets, regulatory environments, and airport operating constraints.
* Familiarity with airline scheduling, capacity planning, route economics, and network optimization concepts.
* Experience with data analysis tools, automation solutions, visualization platforms, or optimization models.
* Understanding of procurement, contract management, and partner performance management processes.
* Demonstrated ability to influence decisions across multiple functions and organizational levels.

### **Key Competencies**

* Strategic Thinking
* Network Planning \& Optimization
* Airline Partnership Management
* Project Leadership
* Operational Excellence
* Commercial \& Financial Acumen
* Stakeholder Management
* Data\-Driven Decision Making
* Change Management
* Continuous Improvement

  

FedEx was built on a philosophy that puts people first, one we take seriously. We are an equal opportunity/affirmative action employer and we are committed to a diverse, equitable, and inclusive workforce in which we enforce fair treatment, and provide growth opportunities for everyone.


All qualified applicants will receive consideration for employment regardless of age, race, color, national origin, genetics, religion, gender, marital status, pregnancy (including childbirth or a related medical condition), physical or mental disability, or any other characteristic protected by applicable laws, regulations, and ordinances.

**Our Company**
---------------


FedEx is one of the world's largest express transportation companies and has consistently been selected as one of the top 10 World’s Most Admired Companies by ""Fortune"" magazine. Every day FedEx delivers for its customers with transportation and business solutions, serving more than 220 countries and territories around the globe. We can serve this global network due to our outstanding team of FedEx team members, who are tasked with making every FedEx experience outstanding.

**Our Philosophy**
------------------


The People\-Service\-Profit philosophy (P\-S\-P) describes the principles that govern every FedEx decision, policy, or activity. FedEx takes care of our people; they, in turn, deliver the impeccable service demanded by our customers, who reward us with the profitability necessary to secure our future. The essential element in making the People\-Service\-Profit philosophy such a positive force for the company is where we close the circle, and return these profits back into the business, and invest back in our people. Our success in the industry is attributed to our people. Through our P\-S\-P philosophy, we have a work environment that encourages team members to be innovative in delivering the highest possible quality of service to our customers. We care for their well\-being, and value their contributions to the company.

**Our Culture**
---------------


Our culture is important for many reasons, and we intentionally bring it to life through our behaviors, actions, and activities in every part of the world. The FedEx culture and values have been a cornerstone of our success and growth since we began in the early 1970’s. While other companies can copy our systems, infrastructure, and processes, our culture makes us unique and is often a differentiating factor as we compete and grow in today’s global marketplace.",IT Operations,2026-08-04
Test Equipment Specialist,Intel Corporation,"Thành phố Hồ Chí Minh, SG, VN",indeed,https://vn.indeed.com/viewjob?jk=d41aa0eda24cebb9,"**Job Details:**
================

**Job Description:**
--------------------

Intel Products Vietnam is a mega Assembly and Test plant within Intel's global Assembly and Test network. The cleanroom facility is located at Saigon High Tech Park in Thu Duc City, Ho Chi Minh City. The site proudly produces Intel's latest technology chip products, including Desktop, Mobile, 5G, Chipset, Connectivity, Server, and more. As a Test Equipment Specialist, you will play a vital role in ensuring the safety, quality, and performance of our test equipment and collaterals. You'll be a hands\-on problem solver, a skilled technician, and a role model in Safety, Quality, and Discipline. This dynamic role offers the opportunity to apply your technical expertise in troubleshooting, repair, preventive maintenance\-directly impacting production efficiency and product quality. Key Responsibilities • Perform troubleshooting, conversion, and preventive maintenance on test equipment and collaterals. • Monitor and analyze equipment control points to improve performance and resolve issues. • Proactively escalate problems, generate reports, and contribute to continuous improvement. • Follow training plans, complete required training on time, and train others when assigned. • Collaborate with Equipment Engineering on experiments, upgrades, data collection, and support factory ramp\-up activities including tool installation, deinstallation, and relocation.
**Qualifications:**
-------------------

• Technical College (3\-year degree) in Electronics, Mechatronics, Electrical, Mechanical, Electrical Refrigeration, or a related technical field. • English proficiency at a pre\-intermediate level or higher. • Able to work effectively both independently and in a team. • Self\-disciplined with assigned working hours; willing to work a 12\-hour shift schedule (48 hours/week) and flexible to work overtime when business needs arise. • Hardworking with a strong commitment to operations and adaptable to schedule changes to meet customer quality delivery needs.  

**Job Type:**
-------------

Experienced Hire
**Shift:**
----------

Shift 9 A1 (Vietnam)
**Primary Location:**
---------------------

Vietnam, Ho\_Chi\_Minh\_City
**Additional Locations:**
-------------------------

**Posting Statement:**
----------------------

All qualified applicants will receive consideration for employment without regard to race, color, religion, religious creed, sex, national origin, ancestry, age, physical or mental disability, medical condition, genetic information, military and veteran status, marital status, pregnancy, gender, gender expression, gender identity, sexual orientation, or any other characteristic protected by local law, regulation, or ordinance.
**Position of Trust**
---------------------

N/A
**Work Model for this Role**
----------------------------

This role will require an on\-site presence. \* Job posting details (such as work model, location or time type) are subject to change.
**Privacy Statement:**
----------------------

Your privacy matters to Intel and we comply with applicable data protection laws. We collect and maintain personal information for recruitment related activities and your data will not be used for any other purpose. We retain personal information for the periods and purposes set forth in Intel Privacy Notice . Retention periods can vary significantly based on the type of information and how it is used. We do not share your personal information with third parties.


In order for Intel to communicate with you on your application results, by submitting your information and proceeding with this application, you agree and consent that we can collect your personal information. You will have the ability to opt\-out by informing vietnamjobs@ intel.com or at any time selecting unsubscribe found at the bottom of our future marketing communications. You have rights to correct, update, request access to or deletion of your personal information as described in Intel Privacy Notice. In addition, if you wish to update or otherwise make changes to your resume, use Intel online application tool to resubmit a new resume .


* 

ADDITIONAL INFORMATION: Intel is committed to Responsible Business Alliance (RBA) compliance and ethical hiring practices. We do not charge any fees during our hiring process. Candidates should never be required to pay recruitment fees, medical examination fees, or any other charges as a condition of employment. If you are asked to pay any fees during our hiring process, please report this immediately to your recruiter.",IT Operations,2026-08-04
Manufacturing Technician,Intel Corporation,"Thành phố Hồ Chí Minh, SG, VN",indeed,https://vn.indeed.com/viewjob?jk=65c80b4b90f4225b,"**Job Details:**
================

**Job Description:**
--------------------

Note: This role requires regular onsite presence to fulfill essential job responsibilities. Performs assigned product manufacturing and assembly tasks in the production process, ensuring that the finished products match the industry standards and customer specifications. Also supports developing, building and testing new products and prototypes, or processes for quality and functionality. Operates equipment either from a remote operations center or internal to factory. Collects and evaluates operating data to conduct online equipment adjustment and ensure process optimization. Maintains overall production efficiency of assigned tools/ modules, and optimizes production efficiency by adjusting machinery and equipment settings as needed. Sets up and operates production equipment in accordance with current good manufacturing practices and standard operating procedures. Supports activities related to the installation, qualification, maintenance, and training of new or reused production equipment. Drives maximum utilization of equipment and use of automated systems to maximize quality of output. Works with Manufacturing Operations Manager and peers to produce product that meets output requirements and escalates appropriately to management team when shift output schedules are at risk. Supports incorporating process improvements, and troubleshooting nonstandard events in the production line, and reviewing technological health and stability. Ensures availability of required raw materials for production. Inspects raw materials and final products, performing quality control evaluations to confirm items meet established standards. Conducts quality checks on the functionality of parts and components. Drives quality and cost improvements through area in conjunction with engineering. Maintains production logs and other required documentation as indicated by Standard Operating Procedures.
**Qualifications:**
-------------------

Minimum requirement: High School Degree or can open for 1 \- 2 year Diploma Degree/ bachelor degree. 0\-10 years of experience  

**Job Type:**
-------------

Experienced Hire
**Shift:**
----------

Shift 9 A1 (Vietnam)
**Primary Location:**
---------------------

Vietnam, Ho\_Chi\_Minh\_City
**Additional Locations:**
-------------------------

**Posting Statement:**
----------------------

All qualified applicants will receive consideration for employment without regard to race, color, religion, religious creed, sex, national origin, ancestry, age, physical or mental disability, medical condition, genetic information, military and veteran status, marital status, pregnancy, gender, gender expression, gender identity, sexual orientation, or any other characteristic protected by local law, regulation, or ordinance.
**Position of Trust**
---------------------

N/A
**Work Model for this Role**
----------------------------

This role will require an on\-site presence. \* Job posting details (such as work model, location or time type) are subject to change.
**Privacy Statement:**
----------------------

Your privacy matters to Intel and we comply with applicable data protection laws. We collect and maintain personal information for recruitment related activities and your data will not be used for any other purpose. We retain personal information for the periods and purposes set forth in Intel Privacy Notice . Retention periods can vary significantly based on the type of information and how it is used. We do not share your personal information with third parties.


In order for Intel to communicate with you on your application results, by submitting your information and proceeding with this application, you agree and consent that we can collect your personal information. You will have the ability to opt\-out by informing vietnamjobs@ intel.com or at any time selecting unsubscribe found at the bottom of our future marketing communications. You have rights to correct, update, request access to or deletion of your personal information as described in Intel Privacy Notice. In addition, if you wish to update or otherwise make changes to your resume, use Intel online application tool to resubmit a new resume .


* 

ADDITIONAL INFORMATION: Intel is committed to Responsible Business Alliance (RBA) compliance and ethical hiring practices. We do not charge any fees during our hiring process. Candidates should never be required to pay recruitment fees, medical examination fees, or any other charges as a condition of employment. If you are asked to pay any fees during our hiring process, please report this immediately to your recruiter.",IT Operations,2026-08-04
Senior IT Infrastructure Engineer,Home Credit Vietnam,,linkedin,https://www.linkedin.com/jobs/view/4448982118,,IT Operations,2026-08-05
"IT, Senior Manager",Synopsys Inc,"Ho Chi Minh City, Ho Chi Minh City, Vietnam",linkedin,https://www.linkedin.com/jobs/view/4447286601,,IT Operations,2026-07-31
[HCM] IT SERVICE MANAGEMENT SPECIALIST,CMC Technology & Solution (CMC TS),"Tân Thuan Đông, Ho Chi Minh City, Vietnam",linkedin,https://www.linkedin.com/jobs/view/4444592523,,IT Operations,2026-07-30
Onsite Infrastructure support,DXC Technology Vietnam,"Ho Chi Minh City, Vietnam",linkedin,https://www.linkedin.com/jobs/view/4446724206,,IT Operations,2026-07-30
Service Controller (Infrastructure Management),Accenture,"Ho Chi Minh City, Vietnam",linkedin,https://www.linkedin.com/jobs/view/4327989597,,IT Operations,2026-07-30
[HCM] IT Engineer (Security-Aligned),TalentMappingJob - Innovative Recruitment Expert,"Ho Chi Minh City, Vietnam",linkedin,https://www.linkedin.com/jobs/view/4446050659,,IT Operations,2026-07-29
IT Infrastructure and Security Manager,Intrepid Asia,"Ho Chi Minh City, Vietnam",linkedin,https://www.linkedin.com/jobs/view/4437189876,,IT Operations,2026-07-27
[IT Delivery Center] Database Administrator (Senior/Mid-level),Eurofins,"Ho Chi Minh City, Ho Chi Minh City, Vietnam",linkedin,https://www.linkedin.com/jobs/view/4445673441,,IT Operations,2026-07-27
Contract Admin Intern,,"Thành phố Hồ Chí Minh, SG, VN",indeed,https://vn.indeed.com/viewjob?jk=205ba0464a2791d1,"**Mô tả công việc:**


(Mức lương: Đến 3000000 triệu VNĐ)* **Project Document Control**
* Assist in reviewing project Scope of Work (SOW) and related contract documents.
* Support the review and administration of builder contracts and subcontractor agreements under supervision.
* Maintain and update project documentation, including approvals, invoices, purchase orders, drawings, specifications, and document registers.
* Track project records to ensure documents are properly filed, accurate, and easily accessible.
* Support document control processes and ensure compliance with company procedures.
* **Projects Finance Management**
* Assist in preparing and issuing monthly progress claims and invoices in accordance with project requirements.
* Support the preparation of final invoices and retention claims.
* Assist in processing project variations, credits, and back\-charge documentation.
* Support the preparation of final invoices and retention claims.
* Assist in processing project variations, credits, and back\-charge documentation.
* Help verify invoices and ensure costs are allocated to the correct purchase orders.
* Support project budget monitoring and cost tracking activities.
* Assist in verifying, tracking, and processing subcontractor and supplier payment claims.
* Maintain accurate financial records and assist with commercial reporting.
* **Reporting**
* Attend project and commercial meetings and prepare meeting notes when required.
* Assist in preparing monthly revenue and progress claim reports.
* Support the monitoring and reporting of: Budget vs actuals, Cashflow, Key commercial risks.
* Provide administrative and commercial support to the Project Manager and Contract Administrator as required.
* Assist in collecting, updating, and maintaining project data for reporting purposes.

**Chức vụ:** Thực Tập Sinh

**Hình thức làm việc:** Toàn thời gian

**Quyền lợi được hưởng:**

* Structured training program with a clear career development path.
* Young, dynamic, and international working environment.
* Monthly team lunches and engaging team\-building activities.
* Hands\-on experience working on real\-world projects.
* Opportunity to transition to a full\-time position after the internship.

**Yêu cầu bằng cấp (tối thiểu):** Đại Học

**Yêu cầu công việc:**

* **Education \& Experience**
* Final\-year student or recent graduate in Construction Management, Quantity Surveying, Project Management, Business Administration, Finance, Commerce, or a related discipline.
* Previous internship, part\-time, or administrative experience in construction, joinery, fit\-out, or a related industry is advantageous.
* Strong interest in contract administration, commercial management, and project controls.
* Available for a full\-time **6\-month** internship and open to a **full\-time position** afterward.
* **Skills \& Attributes**
* Strong attention to detail and a process\-driven approach.
* Good organisational and time management skills.
* Ability to manage multiple tasks and meet deadlines.
* Proactive attitude and willingness to learn.
* Strong analytical and problem\-solving skills.
* Ability to work effectively in a team environment.
* **Language \& Software**
* Good English communication skills, both written and verbal.
* Proficient in Microsoft Office Suite, particularly Excel, Word, and Outlook.
* Experience with project management, ERP, or document control systems is advantageous.

**Yêu cầu giới tính:** Nam/Nữ

**Ngành nghề:** Nội Thất \- Cảnh Quan


  

Đại Học
  

Không yêu cầu",System Administrator Intern,2026-07-27
T&T - Amplify Program September 2026 Technology & Transformation - Vietnam,Deloitte,"Ho Chi Minh City, Ho Chi Minh City, Vietnam",linkedin,https://www.linkedin.com/jobs/view/4431488559,,System Administrator Intern,2026-08-05
Product Support Intern,HyperVerge,"Ho Chi Minh City, Vietnam",linkedin,https://www.linkedin.com/jobs/view/4448814303,,System Administrator Intern,2026-08-04
IT Helpdesk Intern (Ho Chi Minh City),DHL Global Forwarding,"Ho Chi Minh City, Ho Chi Minh City, Vietnam",linkedin,https://www.linkedin.com/jobs/view/4446741204,,System Administrator Intern,2026-07-30
"Solutions Architect, APJ Early Career Talent",Amazon Web Services (AWS),"Ho Chi Minh City, Ho Chi Minh City, Vietnam",linkedin,https://www.linkedin.com/jobs/view/4446821942,,System Administrator Intern,2026-07-30
Cloud & Data Intern (AWS / GCP – Presales / Solution Consulting),Noventiq Vietnam,"Củ Chi, Ho Chi Minh City, Vietnam",linkedin,https://www.linkedin.com/jobs/view/4446054412,,System Administrator Intern,2026-07-29
TUYỂN DỤNG THỰC TẬP SINH KỸ THUẬT IT PHẦN CỨNG,Du học Nhật Bản Thanh Giang,"Gò Công, Vietnam",linkedin,https://www.linkedin.com/jobs/view/4446151838,,System Administrator Intern,2026-07-28
Design Verification Intern,Intel,"Ho Chi Minh City, Vietnam",linkedin,https://www.linkedin.com/jobs/view/4445484077,,System Administrator Intern,2026-07-28
